綠化單元代碼,設置年度,縣市,綠化單元名稱,基地地址,"座標
(WGS 84 X)","座標
(WGS 84 Y)",TWD97X,TWD97Y,基地面積(平方公尺),"補助單位
(下拉式選單)","設置地點類型
(下拉式選單)","維運單位類型
(下拉式選單)","列管狀態
(下拉式選單)",單位名稱,地址,聯絡人,聯絡電話,認養單位,"類型
(下拉式選單)","認養期限
(民國年?月?日)",迄今認養年度
gw-1,108,基隆市,八斗國小,基隆市中正區北寧路396巷52號,25.13806326,121.7972043,330381.312,2781307.404,8.52,環保署,國小,自行維運,未解列,八斗國小,基隆市中正區北寧路396巷52號,校方,0224693391,基隆市海洋保育協會,志工認養,113年10月13日,-
gw-2,109,基隆市,武崙國中,基隆市安樂區武崙街205號,25.13869533,121.7075566,321341.545,2781326.991,35.4,環保署,國中,自行維運,未解列,武崙國中,基隆市安樂區武崙街205號,校方,0224342456,-,-,-,-
gw-3,110,基隆市,長樂國小,基隆市安樂區樂利三街30巷123號,25.12604174,121.7116186,321758.519,2779927.516,96.26,環保署,國小,自行維運,未解列,長樂國小,基隆市安樂區樂利三街30巷123號,校方,0224322765,基隆市安樂區五福里社區發展協會,志工認養,114年10月23日,-
gw-4,110,基隆市,德和國小,基隆市中山區文化路164號,25.15510646,121.7302311,323618,2783157.035,6,環保署,國小,自行維運,未解列,德和國小,基隆市中山區文化路164號,校方,0224278095,謝詹億,志工認養,114年11月30日,-
gw-5,112,基隆市,中正國中,基隆市中正區中船路36巷59號,25.13509891,121.753717,325998.203,2780953.83,35,環保署,國中,自行維運,未解列,中正國中,基隆市中正區中船路36巷59號,校方,"02-2428-2191#30
02-2428-2191#32
",-,-,-,-
gw-6,112,基隆市,武崙國中,基隆市安樂區武崙街205號,25.13869533,121.7075566,321341.545,2781326.991,500,基隆市政府,國中,自行維運,未解列,武崙國中,基隆市安樂區武崙街205號,校方,0224342456,-,-,-,-
gw-7,112,基隆市,暖江國小,基隆市暖暖區寧靜街3號,25.10536955,121.7377775,324408.948,2777651.837,25.8,教育部,國小,自行維運,未解列,暖江國小,基隆市暖暖區寧靜街3號,校方,0224574348,-,-,-,-
gw-8,112,基隆市,瑪陵國小,基隆市七堵區大成街1號,25.10986115,121.6898898,319576.509,2778123.833,39.6,教育部,國小,自行維運,未解列,瑪陵國小,基隆市七堵區大成街1號,校方,0224565663,-,-,-,-
gw-9,112,基隆市,德和國小,基隆市中山區文化路164號,25.15510646,121.7302311,323618,2783157.035,160,基隆市政府,國小,自行維運,未解列,德和國小,基隆市中山區文化路164號,校方,0224278095,-,-,-,-
gw-10,113,基隆市,復興國小,基隆市七堵區華新二路21號,25.1073286,121.6654997,317118.038,2777830.96,40,復興國小,國小,自行維運,未解列,復興國小,基隆市七堵區華新二路21號,校方,0224515601,-,-,-,-
gw-11,113,基隆市,中山國小,基隆市中山區通仁街28號,25.14588625,121.7377459,324381.218,2782139.838,143.4,中山國小,國小,自行維運,未解列,中山國小,基隆市中山區通仁街28號,校方,02-24223053,-,-,-,-
gw-12,113,基隆市,中華國小,基隆市中山區中華路46巷26號,25.14943255,121.738344,324439.368,2782532.992,84.4,中華國小,國小,自行維運,未解列,中華國小,基隆市中山區中華路46巷26號,校方,02 2422 5530,-,-,-,-
gw-13,113,基隆市,二信國小,基隆市安樂區樂利三街19號,25.12886838,121.7176956,322369.661,2780243.867,200,二信國小,國小,自行維運,未解列,二信國小,基隆市安樂區樂利三街19號,校方,02 2433 2666,-,-,-,-
gw-14,108,臺北市,蘭雅國小,臺北市士林區磺溪街57號,25.10840719,121.5231469,302760.486,2777887.238,20,環境部,國小,自行維運,設置中,蘭雅國小,臺北市士林區磺溪街57號,陳寓誼,02-2836-6052#232,蘭雅國小,自行維運,民國113年12月31日,5
gw-15,109,臺北市,辛亥國小,臺北市文山區辛亥路四段103號,25.00628608,121.5585494,306377.685,2766589.987,85.2,環境部,國小,自行維運,設置中,辛亥國小,臺北市文山區辛亥路四段103號,高如月,02-2935-7282#142,辛亥國小,自行維運,民國113年12月31日,4
gw-16,109,臺北市,桃源國小,臺北市北投區中央北路三段40巷45號,25.13964497,121.4845111,298851.501,2781332.788,20.5,環境部,國小,自行維運,設置中,桃源國小,臺北市北投區中央北路三段40巷45號,游景年,02-2894-1208#132,桃源國小,自行維運,民國113年12月31日,4
gw-17,110,臺北市,雙園國小,臺北市萬華區莒光路315號,25.03093657,121.4981582,300271.897,2769296.631,60,環境部,國小,自行維運,設置中,雙園國小,臺北市萬華區莒光路315號,王惟俊,02-2306-1893#131,雙園國小,自行維運,民國113年12月31日,3
gw-18,110,臺北市,信義國小,臺北市信義區松勤街60號,25.03183255,121.5632245,306837.814,2769421.608,50.9,環境部,國小,自行維運,設置中,信義國小,臺北市信義區松勤街60號,蔡育婷,02-2720-4005#832,信義國小,自行維運,民國113年12月31日,3
gw-19,110,臺北市,雙蓮國小,臺北市大同區錦西街51號,25.06011845,121.5166721,302127.925,2772535.974,14,環境部,國小,自行維運,設置中,雙蓮國小,臺北市大同區錦西街51號,葉伶俐,02-2557-0309#1032,雙蓮國小,自行維運,民國113年12月31日,3
gw-20,110,臺北市,文林國小,臺北市北投區建民里文林北路155號,25.10592914,121.5147366,301913.321,2777609.493,6,環境部,國小,自行維運,設置中,文林國小,臺北市北投區建民里文林北路155號,徐先生,(02)2823-4212#405,文林國小,自行維運,民國113年12月31日,3
gw-21,111,臺北市,景美女中,臺北市文山區木新路三段312號,24.98162549,121.5559089,306122.359,2763857.359,200,環保局,其他,自行維運,設置中,景美女中,臺北市文山區木新路三段312號,蘇裕哲,02-2936-8847#214,景美女中,自行維運,民國113年12月31日,2
gw-22,111,臺北市,和平高中,臺北市大安區臥龍街100號,25.0199079,121.5492527,305433.1771,2768094.976,80,環保局,其他,自行維運,設置中,和平高中,臺北市大安區臥龍街100號,賴怡臻,02-2732-4300#137,和平高中,自行維運,民國113年12月31日,2
gw-23,111,臺北市,木柵高工,臺北市文山區木柵路四段77號,24.99671536,121.5717585,307715.455,2765535.441,75,環保局,其他,自行維運,設置中,木柵高工,臺北市文山區木柵路四段77號,吳槐芬,02-2330-0506#304,木柵高工,自行維運,民國113年12月31日,2
gw-24,111,臺北市,內湖國中,臺北市內湖區陽光街1號,25.07699423,121.5887227,309389.25,2774434.95,50,環保局,國中,自行維運,設置中,內湖國中,臺北市內湖區陽光街1號,尤碧慈,02-2790-0843#225,內湖國中,自行維運,民國113年12月31日,2
gw-25,111,臺北市,龍山國中,臺北市萬華區南寧路46號,25.03606389,121.5045978,300919.648,2769866.965,60,環保局,國中,自行維運,設置中,龍山國中,臺北市萬華區南寧路46號,吳佳蓉,02-2336-2789#304,龍山國中,自行維運,民國113年12月31日,2
gw-26,111,臺北市,中山國中,臺北市松山區復興北路361巷7號,25.06053968,121.5455327,305039.595,2772594.065,60,環保局,國中,自行維運,設置中,中山國中,臺北市松山區復興北路361巷7號,吳郁君,02-2712-6701#314,中山國中,自行維運,民國113年12月31日,2
gw-27,111,臺北市,金華國中,臺北市大安區新生南路二段72號,25.03120115,121.5331234,303800.376,2769339.374,40,環保局,國中,自行維運,設置中,金華國中,臺北市大安區新生南路二段72號,謝欣昀,02-3393-1799#313,金華國中,自行維運,民國113年12月31日,2
gw-28,111,臺北市,興雅國中,臺北市信義區松德路168巷15號,25.03643756,121.5723546,307757.04,2769935.55,75.6,環保局,國中,自行維運,設置中,興雅國中,臺北市信義區松德路168巷15號,孫曉芬,02-2723-2771#350,興雅國中,自行維運,民國113年12月31日,2
gw-29,111,臺北市,南門國中,臺北市中正區廣州街6號,25.03522994,121.5090936,301373.683,2769776.291,40,環保局,國中,自行維運,設置中,南門國中,臺北市中正區廣州街6號,張秋雯,02-2314-2775#345,南門國中,自行維運,民國113年12月31日,2
gw-30,111,臺北市,景興國中,臺北市文山區景興路46巷2號,24.99619011,121.5443459,304948.501,2765465.873,120,環保局,國中,自行維運,設置中,景興國中,臺北市文山區景興路46巷2號,陳麗淑,02-2932-3794#122,景興國中,自行維運,民國113年12月31日,2
gw-31,112,臺北市,關渡國中,臺北市北投區知行路212號,25.11989405,121.4673576,297129.526,2779138.952,15.51,環境部,國中,自行維運,設置中,關渡國中,臺北市北投區知行路212號,楊秀文,02-2858-1770,關渡國中,自行維運,民國113年12月31日,2
gw-32,112,臺北市,陽明山國小,臺北市士林區仰德大道三段61號,25.1198268,121.5529212,305758.171,2779164.118,95,環保局,國小,自行維運,設置中,陽明山國小,臺北市士林區仰德大道三段61號,李哲文,02-28616366#111,陽明山國小,自行維運,民國113年12月31日,2
gw-33,112,臺北市,溪山實小,臺北市士林區至善路三段199號,25.1201907,121.5793493,308423.1425,2779215.605,30,環保局,國小,自行維運,設置中,溪山實小,臺北市士林區至善路三段199號,張良宇,02-28411010#117,溪山實小,自行維運,民國113年12月31日,2
gw-34,112,臺北市,忠孝國中,臺北市大同區西寧北路 32 號,25.05123344,121.508267,301283.61,2771548.609,50,環保局,國中,自行維運,設置中,忠孝國中,臺北市大同區西寧北路 32 號,宋秀珠,02-25524890#34,忠孝國中,自行維運,民國113年12月31日,2
gw-35,112,臺北市,仁愛國中,臺北市大安區 仁愛路四段 130 號,25.03750103,121.5506824,305569.544,2770044.275,120,環保局,國中,自行維運,設置中,仁愛國中,臺北市大安區 仁愛路四段 130 號,廖智偉,02-23255823#1168,仁愛國中,自行維運,民國113年12月31日,2
gw-36,112,臺北市,龍安國小,臺北市大安區新生南路三段33號,25.02395203,121.534846,303977.387,2768537.108,18,環保局,國小,自行維運,設置中,龍安國小,臺北市大安區新生南路三段33號,邱郁棻,02-23632077#726,龍安國小,自行維運,民國113年12月31日,2
gw-37,112,臺北市,銘傳國小,臺北市大安區羅 斯福路四段21號,25.0141332,121.5360678,304105,2767450.01,25,環保局,國小,自行維運,設置中,銘傳國小,臺北市大安區羅 斯福路四段21號,蔡宜珊,02-23639815#31,銘傳國小,自行維運,民國113年12月31日,2
gw-38,112,臺北市,芳和實中,臺北市大安區臥龍街170號,25.0189257,121.5501925,305528.4682,2767986.568,335,環保局,國中,自行維運,設置中,芳和實中,臺北市大安區臥龍街170號,陳羿安,02-27321961#302,芳和實中,自行維運,民國113年12月31日,2
gw-39,112,臺北市,建安國小,臺北市大安區大安路二段99號,25.02938685,121.5461502,305115.816,2769143.651,10,環保局,國小,自行維運,設置中,建安國小,臺北市大安區大安路二段99號,黃婉宜,02-27077119#813,建安國小,自行維運,民國113年12月31日,2
gw-40,112,臺北市,中山國小,臺北市中山區民權東路一段69號,25.06291419,121.5263146,303099.587,2772849.397,200,環保局,國小,自行維運,設置中,中山國小,臺北市中山區民權東路一段69號,黃意文,02-25914085#8023,中山國小,自行維運,民國113年12月31日,2
gw-41,112,臺北市,長安國中,臺北市中山區松江路70巷11號,25.04941324,121.5319246,303671.475,2771356.169,30,環保局,國中,自行維運,設置中,長安國中,臺北市中山區松江路70巷11號,張吉元,02-25112382#501,長安國中,自行維運,民國113年12月31日,2
gw-42,112,臺北市,濱江國小,臺北市中山區樂群二路266巷99號,25.07731262,121.5616838,306661.419,2774458.611,20,環保局,國小,自行維運,設置中,濱江國小,臺北市中山區樂群二路266巷99號,鄭雅庭,02-85021571#1304,濱江國小,自行維運,民國113年12月31日,2
gw-43,112,臺北市,大佳國小,臺北市中山區濱江街107號,25.07330346,121.5359539,304067.552,2774003.994,18,環保局,國小,自行維運,設置中,大佳國小,臺北市中山區濱江街107號,陳素貞,02-2503-5816#170,大佳國小,自行維運,民國113年12月31日,2
gw-44,112,臺北市,明湖國小,臺北市內湖區康寧路三段105號,25.07108119,121.6105533,311594.493,2773789.75,10,環保局,國小,自行維運,設置中,明湖國小,臺北市內湖區康寧路三段105號,林庭米,02-26323477#11,明湖國小,自行維運,民國113年12月31日,2
gw-45,112,臺北市,東湖國小,臺北市內湖區東湖路115號,25.06854021,121.6157821,312123.29,2773510.686,100,環保局,國小,自行維運,設置中,東湖國小,臺北市內湖區東湖路115號,林昭君,02-26339984#149,東湖國小,自行維運,民國113年12月31日,2
gw-46,112,臺北市,溪口國小,臺北市文山區景福街225號,24.99411402,121.5387449,304384.019,2765233.657,28,環保局,國小,自行維運,設置中,溪口國小,臺北市文山區景福街225號,劉家森,02-29350955#715,溪口國小,自行維運,民國113年12月31日,2
gw-47,112,臺北市,興隆國小,臺北市文山區福興路2號,25.00241637,121.5519157,305709.833,2766158.615,125,環保局,國小,自行維運,設置中,興隆國小,臺北市文山區福興路2號,陳瑞仁,02-29323131#613,興隆國小,自行維運,民國113年12月31日,2
gw-48,112,臺北市,實踐國中,臺北市文山區辛亥路七段67號,24.9834361,121.554738,306003.327,2764057.427,112,環保局,國中,自行維運,設置中,實踐國中,臺北市文山區辛亥路七段67號,徐翠蓮,02-22362852#150,實踐國中,自行維運,民國113年12月31日,2
gw-49,112,臺北市,萬芳高中,臺北市文山區興隆三段115巷1號,25.00256424,121.5596803,306493.5396,2766178.207,20,環保局,國中,自行維運,設置中,萬芳高中,臺北市文山區興隆三段115巷1號,陳蓓萱,02-22309585#340,萬芳高中,自行維運,民國113年12月31日,2
gw-50,112,臺北市,義方國小,臺北市北投區珠海路155號,25.14203696,121.5092741,301347.304,2781606.941,220,環保局,國小,自行維運,設置中,義方國小,臺北市北投區珠海路155號,王仁甫,02-28917433,義方國小,自行維運,民國113年12月31日,2
gw-51,112,臺北市,中崙高中,臺北市松山區八德路四段101號,25.05017063,121.561129,306617.924,2771451.963,30,環保局,國小,自行維運,設置中,中崙高中,臺北市松山區八德路四段101號,吳沛璇,02-27535316#400,中崙高中,自行維運,民國113年12月31日,2
gw-52,112,臺北市,健康國小,臺北市松山區延壽街168號,25.05662219,121.5629231,306795.973,2772167.329,50,環保局,國中,自行維運,設置中,健康國小,臺北市松山區延壽街168號,蔡孟憲,02-25282814#121,健康國小,自行維運,民國113年12月31日,2
gw-53,112,臺北市,?公國中,臺北市信義區福德街221巷15號,25.03706761,121.5853271,309065.843,2770010.935,100,環保局,國小,自行維運,設置中,?公國中,臺北市信義區福德街221巷15號,林詩芳,02-27261481#400,?公國中,自行維運,民國113年12月31日,2
gw-54,112,臺北市,興雅國小,臺北市信義區基隆路一段83巷9號,25.04676695,121.570074,307522.077,2771078.724,640,環保局,國中,自行維運,設置中,興雅國小,臺北市信義區基隆路一段83巷9號,黃女芩,02-27618156#608,興雅國小,自行維運,民國113年12月31日,2
gw-55,112,臺北市,松山高中,臺北市信義區松勤街60號,25.03119797,121.5629817,306813.5993,2769351.217,20,環保局,國小,自行維運,設置中,松山高中,臺北市信義區松勤接60號,蕭豫奇,02-27204005#821,松山高中,自行維運,民國113年12月31日,2
gw-56,113,臺北市,文昌國小,臺北市士林區文林路615巷20號,25.09961618,121.5209052,302538.164,2776912.616,135,環保局,國小,自行維運,設置中,文昌國小,臺北市士林區文林路615巷20號,呂組長,02-28365411#124,文昌國小,自行維運,民國114年12月31日,1
gw-57,113,臺北市,興華國小,臺北市文山區興隆路三段125巷6號,24.99884567,121.5586753,306393.788,2765765.9,130,環保局,國小,自行維運,設置中,興華國小,臺北市文山區興隆路三段125巷6號,陳冠呈, 02-22393070#126,興華國小,自行維運,民國114年12月31日,1
gw-58,113,臺北市,成德國中,臺北市南港區東新街108巷23號,25.04506176,121.5878016,309311.709,2770897.499,55,環保局,國中,自行維運,設置中,成德國中,臺北市南港區東新街108巷23號,卓組長, 02-26515636#340,成德國中,自行維運,民國114年12月31日,1
gw-59,113,臺北市,華江高中,臺北市萬華區西藏路213號,25.02822016,121.4965341,300109.106,2768995.145,120,環保局,其他,自行維運,設置中,華江高中,臺北市萬華區西藏路213號,吳組長,02-2301-9946#125,華江高中,自行維運,民國114年12月31日,1
gw-60,113,臺北市,中正高中,臺北市北投區文林北路 77 號,25.10267752,121.5163914,302081.5992,2777249.961,80,環保局,其他,自行維運,設置中,中正高中,臺北市北投區文林北路 77 號,林組長,02-2823-4811#340,中正高中,自行維運,民國114年12月31日,1
gw-61,108,新北市,三峽龍埔國小,新北市三峽區大學路6號,24.94067883,121.3778829,288161.971,2759260.137,34,環境部,國小,志工認養,未解列,三峽龍埔國小,新北市三峽區大學路6號,謝慶龍/總務主任,(02)2674-5666#830,校園綠美化志工,志工認養,109/1/1~至今,5
gw-62,108,新北市,林口麗園國小,新北市林口區忠孝路591號,25.06858933,121.3761948,287952.166,2773427.468,14,環境部,國小,自行維運,未解列,林口麗園國小,新北市林口區忠孝路591號,"謝驊/
總務主任",(02)2609-1061#751,-,-,-,-
gw-63,108,新北市,淡水文化國小,新北市淡水區真理街6號,25.17396526,121.4373811,294087.158,2785118.076,29,環境部,國小,自行維運,未解列,淡水文化國小,新北市淡水區真理街6號,許文玲/總務主任,(02)2621-2031#852,-,-,-,-
gw-64,108,新北市,土城清水國小,新北市土城區金城路二段356號,24.98440189,121.4615083,296590.855,2764129.146,16.8,環境部,國小,志工認養,未解列,土城清水國小,新北市土城區金城路二段356號,趙芳仙/總務主任,(02)2261-8316#831,校園園藝組志工,志工認養,109/1/1~至今,5
gw-65,110,新北市,三峽介壽國小,新北市三峽區大同路1號,24.92982865,121.3785205,288229.705,2758058.524,35,環境部,國小,自行維運,未解列,三峽介壽國小,新北市三峽區大同路1號,王嘉輝/總務主任,(02)2671-2392#40,-,-,-,-
gw-66,110,新北市,土城清水國小,新北市土城區金城路二段356號,24.98440189,121.4615083,296590.855,2764129.146,70,環境部,國小,志工認養,未解列,土城清水國小,新北市土城區金城路二段356號,趙芳仙/總務主任,(02)2261-8316#831,校園園藝組志工,志工認養,111/1/1~至今,3
gw-67,110,新北市,林口南勢國小,新北市林口區南勢五街2號,25.07522705,121.3589003,286205.46,2774157.948,72,環境部,國小,自行維運,未解列,林口南勢國小,新北市林口區南勢五街2號,吳蕙蘭/總務主任,(02)2609-1020#830,-,-,-,-
gw-68,110,新北市,金山三和國小,新北市金山區38號,25.21889044,121.6028891,310748.086,2790158.803,26,環境部,國小,自行維運,未解列,金山三和國小,新北市金山區38號,林華崢/總務主任,(02)2408-0417#275,-,-,-,-
gw-69,110,新北市,林口新林國小,新北市林口區三民路101號,25.06957685,121.3594749,286265.085,2773532.262,67,環境部,國小,志工認養,未解列,林口新林國小,新北市林口區三民路101號,徐淳鈴/總務主任,(02)2608-6521#830,校園綠化志工,志工認養,111/1/1~至今,3
gw-70,110,新北市,林口嘉寶國小,新北市林口區嘉寶里22號,25.10834502,121.3393281,284221.806,2777821.142,24,環境部,國小,自行維運,未解列,林口嘉寶國小,新北市林口區嘉寶里22號,陳慧敏/總務主任,(02)2605-2716#830,-,-,-,-
gw-71,111,新北市,樹林武林國小,新北市樹林區保安街二段151號,25.00164568,121.4153626,291926.379,2766024.073,111.76,環保局,國小,自行維運,未解列,樹林武林國小,新北市樹林區保安街151號,劉叔玫/總務主任,(02)2681-2475#830,-,-,-,-
gw-72,112,新北市,林口麗林國小,新北市林口區公園路46號,25.06871475,121.3679033,287115.638,2773439.059,70.0275,環境部,國小,自行維運,未解列,林口麗林國小,新北市林口區公園路46號,邱秀官/事務組長,(02)2600-8457#166,-,-,-,-
gw-73,112,新北市,板橋新埔國小,新北市板橋區陽明街206號,25.02588324,121.4625936,296684.732,2768724.168,30,環境部,國小,自行維運,未解列,板橋新埔國小,新北市板橋區陽明街206號,揚啟男/總務主任,(02)2257-1830#621,-,-,-,-
gw-74,112,新北市,板橋實踐國小,新北市板橋區實踐路93巷51號,25.00501762,121.4663924,297076.068,2766414.315,51.792,環境部,國小,自行維運,未解列,板橋實踐國小,新北市板橋區實踐路93巷51號,朱廷彩/事務組長,(02)2953-1233#142,-,-,-,-
gw-75,112,新北市,淡水新興國小,新北市淡水區新興街123號,25.17968407,121.4400272,294351.814,2785752.398,68.541,環境部,國小,自行維運,未解列,淡水新興國小,新北市淡水區新興街123號,曾昭輝/總務主任,(02)2620-3646#830,-,-,-,-
gw-76,112,新北市,板橋溪崑國中,新北市板橋區大觀路三段50巷30號,24.99841701,121.4312709,293533.306,2765671.467,106.4,環保局,國中,自行維運,未解列,板橋溪崑國中,新北市板橋區大觀路三段50巷30號,紀虹如/總務主任,(02)2686-9727#380,-,-,-,-
gw-77,113,新北市,新莊興化國小,新北市新莊區五工二路50巷2號,25.06591601,121.4616374,296573.112,2773158.062,22.2,環保局,國小,自行維運,未解列,新莊興化國小,新北市新莊區五工二路50巷2號,吳聰雄/總務主任,(02)2299-1001#401,-,-,-,-
gw-78,113,新北市,中和自強國小,新北市中和區莒光路200號,24.99675007,121.4705293,297496.817,2765500.009,595,環保局,國小,自行維運,未解列,中和自強國小,新北市中和區莒光路200號,林武成/總務主任,(02)2955-7936#830,-,-,-,-
gw-79,113,新北市,板橋埔墘國小,新北市板橋區永豐街42-8號,25.01807514,121.4740759,297846.572,2767863.315,5,環保局,國小,自行維運,未解列,板橋埔墘國小,新北市板橋區永豐街42-8號,林耿彰/行政主任,(02)2961-6690#310,-,-,-,-
gw-80,109,桃園市,永安國民中學,桃園市新屋區中山西路三段96號,24.9882788,121.0435663,254398,2764480.01,15.9,環境部,國中,自行維運,未解列,永安國民中學,桃園市新屋區中山西路三段96號,葉總務主任,03-4862507#510,-,無,-,-
gw-81,109,桃園市,蘆竹國民小學,桃園市蘆竹區富國路二段850號,25.05081926,121.2671264,276952.7,2771433.02,12,環境部,國小,自行維運,未解列,蘆竹國民小學,桃園市蘆竹區富國路二段850號,林總務組長,03-3221731#511,-,無,-,-
gw-82,109,桃園市,山頂國民小學,桃園市龜山區頂興路2號,24.99195872,121.3275936,283069.57,2764926.84,44.4,環境部,國小,自行維運,未解列,山頂國民小學,桃園市龜山區頂興路2號,總務主任,03-3207244#510,-,無,-,-
gw-83,109,桃園市,祥安國民小學,桃園市平鎮區湧安路45號,24.89405154,121.2029522,270503.55,2754057.89,120,環境部,國小,自行維運,未解列,祥安國民小學,桃園市平鎮區湧安路45號,學務主任,03-4192135#310,-,無,-,-
gw-84,109,桃園市,八德興仁花園夜市,桃園市八德區長興路46號,24.93069221,121.2834191,278624.4266,2758130.785,24,環保局,環保夜市,自行維運,未解列,興仁花園夜市管理委員會,桃園市八德區長興路46號,湯先生(副理),0977-111333,-,無,-,-
gw-85,110,桃園市,桃園國民中學,桃園市桃園區莒光街2號,24.99575563,121.3047731,280764.95,2765342.025,29.92,環保局,國中,自行維運,未解列,桃園國民中學,桃園市桃園區莒光街2號,沈總務主任,03-3358282#510,-,無,-,-
gw-86,110,桃園市,龍壽國民小學,桃園市龜山區龍校街30號,25.0108023,121.3876583,289127,2767030.01,15.6,環境部,國小,自行維運,未解列,龍壽國民小學,桃園市龜山區龍校街30號,夏總務主任,03-3296554#521,-,無,-,-
gw-87,110,桃園市,忠福國民小學,桃園市中壢區西園路57號,24.9763744,121.2347902,273704.291,2763181.262,20,環境部,國小,自行維運,未解列,忠福國民小學,桃園市中壢區西園路57號,黃總務主任,03-4340192#510,-,無,-,-
gw-88,110,桃園市,中興國民小學,桃園市大溪區大鶯路1125號,24.92520394,121.3109309,281404.44,2757528.97,10.4,環境部,國小,自行維運,未解列,中興國民小學,桃園市大溪區大鶯路1125號,劉事務組長,03-3801394#514,-,無,-,-
gw-89,110,桃園市,南崁國民小學,桃園市蘆竹區吉林路160號,25.05020137,121.3009349,280364.1,2771371.74,71.58,環保局,國小,自行維運,未解列,南崁國民小學,桃園市蘆竹區吉林路160號,孔總務主任,03-3115578#510,-,無,-,-
gw-90,110,桃園市,六和商圈銀河廣場,桃園市中壢區元化路350號旁,24.93065329,121.2834728,278629.8535,2758126.486,11.9,環保局,環保夜市,自行維運,未解列,桃園市中壢區公所,桃園市中壢區環北路380號,張家銓視導,03-427-1801#3114,-,無,-,-
gw-91,111,桃園市,大安國民小學,桃園市八德區和平路638號,24.95636563,121.315315,281839.235,2760981.521,58.56,環境部,國小,自行維運,未解列,大安國民小學,桃園市八德區和平路638號,曾總務主任,03-3661419#510,-,無,-,-
gw-92,111,桃園市,大竹國民中學,桃園市蘆竹區大竹路國中巷35號,25.02300077,121.2584607,276084.219,2768350.06,5,環境部,國中,自行維運,未解列,大竹國民中學,桃園市蘆竹區大竹路國中巷35號,楊事務組長,03-3232764#511,-,無,-,-
gw-93,111,桃園市,元生國民小學,桃園市中壢區文化二路161號,24.97431351,121.2512878,275370.31,2762955.976,5.88,環境部,國小,自行維運,未解列,元生國民小學,桃園市中壢區文化二路161號,李學務主任,03-4625566,-,無,-,-
gw-94,111,桃園市,大成國民小學,桃園市八德區廣福路31號,24.95863253,121.29849,280139.744,2761228.768,16.6,環境部,國小,自行維運,未解列,大成國民小學,桃園市八德區廣福路31號,崔事務組長,03-3661155#511,-,無,-,-
gw-95,111,桃園市,草漯國民小學,桃園市觀音區新生路1462號,25.04571517,121.1432171,264450.99,2770848.72,76.05,環境部,國小,自行維運,未解列,草漯國民小學,桃園市觀音區新生路1462號,林總務主任,03-4830160#510,-,無,-,-
gw-96,112,桃園市,龍潭國民小學,桃園市龍潭區南龍路13號,24.86390989,121.213652,271589.76,2750721.04,102,環保局,國小,自行維運,未解列,龍潭國民小學,桃園市龍潭區南龍路13號,曾總務主任,03-4792014#510,-,無,-,-
gw-97,112,桃園市,自強國民小學,桃園市龜山區自強東路269號,24.99764968,121.3456804,284893.78,2765561.72,17.05,環境部,國小,自行維運,未解列,自強國民小學,桃園市龜山區自強東路269號,郭總務主任,03-3590758#510,-,無,-,-
gw-98,112,桃園市,桃園市立觀音幼兒園園本部,桃園市觀音區民生路68號,25.05115071,121.1233312,262443.8933,2771448.799,24,環境部,公立幼兒園,自行維運,未解列,桃園市立觀音幼兒園園本部,桃園市觀音區民生路68號,林組長,03-4833170#203,-,無,-,-
gw-99,112,桃園市,桃園市立觀音幼兒園新坡分班,桃園市觀音區新坡里5鄰新生路76巷8弄1號,25.01428803,121.1369168,263818.7909,2767367.115,24.6,環境部,公立幼兒園,自行維運,未解列,桃園市立觀音幼兒園新坡分班,桃園市觀音區新坡里5鄰新生路76巷8弄1號,林組長,03-4833170#203,-,無,-,-
gw-100,112,桃園市,桃園市立觀音幼兒園崙坪分班,桃園市觀音區學府路65巷5號,24.99815249,121.1616843,266320.6701,2765582.661,18.7,環境部,公立幼兒園,自行維運,未解列,桃園市立觀音幼兒園崙坪分班,桃園市觀音區學府路65巷5號,林組長,03-4833170#203,-,無,-,-
gw-101,112,桃園市,桃園市立龜山幼兒園-本園,桃園市龜山區中興路17巷11號,24.98724212,121.329828,283296.3893,2764404.962,26,環境部,公立幼兒園,自行維運,未解列,桃園市立龜山幼兒園-本園,桃園市龜山區中興路17巷11號,陳護理師,03-3506349,-,無,-,-
gw-102,112,桃園市,桃園市立龜山幼兒園-苓林分班,桃園市龜山區忠義路二段438號,25.05097413,121.3593896,286261.9607,2771471.725,20,環境部,公立幼兒園,自行維運,未解列,桃園市立龜山幼兒園-苓林分班,桃園市龜山區忠義路二段438號,陳護理師,03-3280264,-,無,-,-
gw-103,112,桃園市,龍安國民小學,桃園市蘆竹區文中路一段35號,24.99108595,121.2731675,277575.58,2764818,38.108,環境部,國小,自行維運,未解列,龍安國民小學,桃園市蘆竹區文中路一段35號,簡事務組長,03-3922797,-,無,-,-
gw-104,112,桃園市,新屋高中國中部,桃園市新屋區中興路111號,24.97002958,121.1019052,260288.8053,2762461.855,48.39,環境部,國中,自行維運,未解列,新屋高中國中部,桃園市新屋區中興路111號,白衛生組長、涂事務組長,03-4772029#314、511,-,無,-,-
gw-105,112,桃園市,中山國民小學,桃園市桃園區國際路一段1070號,24.98640089,121.2902074,279296.835,2764302.644,7.2,環保局,國小,自行維運,未解列,中山國民小學,桃園市桃園區國際路一段1070號,林總務主任,03-2203012#510,-,無,-,-
gw-106,112,桃園市,復旦國民小學,桃園市平鎮區廣平街1號,24.95473317,121.2076897,270971.9,2760779.78,9.95,環保局,國小,自行維運,未解列,復旦國民小學,桃園市平鎮區廣平街1號,總務主任,03-4917491#510,-,無,-,-
gw-107,112,桃園市,東興國民中學,桃園市中壢區廣州路25號,24.94991479,121.2296592,273191.23,2760249.66,36.6,環保局,國中,自行維運,未解列,東興國民中學,桃園市中壢區廣州路25號,總務主任,03-45835009#510,-,無,-,-
gw-108,113,桃園市,文山國民小學,桃園市桃園區文中路120號,24.9964391,121.2914,279414.844,2765414.76,10.9,環保局,國小,自行維運,未解列,文山國民小學,桃園市桃園區文中路120號,總務主任,03-3601400#510,-,無,-,-
gw-109,113,桃園市,普仁國民小學,桃園市中壢區中山東路二段425號,24.94852278,121.2445062,274690.773,2760098.095,4.2,環保局,國小,自行維運,未解列,普仁國民小學,桃園市中壢區中山東路二段425號,總務主任,03-4563830#510,-,無,-,-
gw-110,113,桃園市,壽山國民小學,桃園市龜山區萬壽路二段6巷61號,25.00275442,121.3643033,286772.11,2766132.06,9.06,環保局,國小,自行維運,未解列,壽山國民小學,桃園市龜山區萬壽路二段6巷61號,總務主任,03-3291782#510,-,無,-,-
gw-111,113,桃園市,同德國民小學,桃園市桃園區同德六街175號,25.01474606,121.29598,279872.735,2767443.492,4.92,環保局,國小,自行維運,未解列,同德國民小學,桃園市桃園區同德六街175號,事務組長,03-3176403#531,-,無,-,-
gw-112,111,新竹縣,北平華德福實驗學校,新竹縣新埔鎮北平里62號,24.85267982,121.0862898,258720.4501,2749463.035,15.40,環保局,國小,自行維運,未解列,新竹縣北平華德福實驗學校,新竹縣新埔鎮北平里62號,尤淑芬,03-5882897#12,-,-,-,-
gw-113,111,新竹縣,成功國中,新竹縣竹北市成功八路99號,24.8186664,121.0170367,251722.201,2745693.078,25.16,環保署,國中,自行維運,未解列,新竹縣成功國中,新竹縣竹北市成功八路99號,陳佳琪,03-5505924#8200,-,-,-,-
gw-114,111,新竹縣,自強國中,新竹縣竹東鎮自強路169號,24.74526451,121.0856,258658.198,2737565.789,13.50,環保署,國中,自行維運,未解列,新竹縣立自強國民中學,新竹縣竹東鎮自強路169號,蔡淑慧,03-5103291#130,-,-,-,-
gw-115,111,新竹縣,福興國小,新竹縣新豐鄉後湖村後湖子6鄰108號,24.93275452,121.0093621,250945.528,2758329.399,8.57,環保署,國小,自行維運,未解列,新竹縣新豐鄉福興國民小學,新竹縣新豐鄉後湖村後湖子6鄰108號,黃琬筠,03-5680964#12,-,-,-,-
gw-116,111,新竹縣,關西國小,新竹縣關西鎮西安里中山路126號,24.70289328,121.0541102,255474.945,2732871.222,13.60,環保署,國小,自行維運,未解列,新竹縣關西鎮關西國民小學,新竹縣關西鎮西安里中山路126號,龐玉雍,03-5872028#501,-,-,-,-
gw-117,111,新竹縣,關西國中,新竹縣關西鎮北斗里北門口41號,24.79811852,121.1729066,267481.616,2743428.172,13.60,環保署,國中,自行維運,未解列,新竹縣關西鎮關西國民中學,新竹縣關西鎮北斗里北門口41號,林國書,03-5872008#31,-,-,-,-
gw-118,111,新竹縣,博愛國中,竹北市縣政十三路81號,24.83041465,121.0071175,250719.426,2746994.216,17.4,環保署,國中,自行維運,未解列,新竹縣立博愛國民中學,竹北市縣政十三路81號,薛尤榮,03-5530243#501,-,-,-,-
gw-119,111,新竹縣,福龍國小,新竹縣新豐鄉福興村113號,24.93013777,121.0358525,253621,2758040.01,71.2,環保署,國小,自行維運,未解列,新竹縣新豐鄉福龍國民小學,新竹縣新豐鄉福興村113號,王鵬豪,03-5993140#12,-,-,-,-
gw-120,111,新竹縣,玉山國小,新竹縣關西鎮玉山里4鄰25號,24.75755104,121.2086767,271105,2738940.01,20.0,環保署,國小,自行維運,未解列,新竹縣關西鎮玉山國民小學,新竹縣關西鎮玉山里4鄰25號,蔡沛玲,03-5476349#13,-,-,-,-
gw-121,111,新竹縣,富光國中,新竹縣關西鎮東光里十六張49號,24.77996196,121.1808028,268282.623,2741418.202,22.8,環保署,國中,自行維運,未解列,新竹縣富光國民中學,新竹縣關西鎮東光里十六張49號,黃瑞真,03-5872224#16,-,-,-,-
gw-122,111,新竹縣,二重國小,新竹縣竹東鎮光明路32號,24.76749665,121.0573104,255795.746,2740026.688,58.5,環保署,國小,自行維運,未解列,新竹縣竹東鎮二重國民小學,新竹縣竹東鎮光明路32號,陳盈志,03-5822098#721,-,-,-,-
gw-123,111,新竹縣,忠孝國中,新竹縣新豐鄉孝六街1號,24.87931714,120.9992682,249926.06,2752410.62,99.8,環保署,國中,自行維運,未解列,新竹縣立忠孝國民中學,新竹縣新豐鄉孝六街1號,王雪芳,03-5572555#47,-,-,-,-
gw-124,111,新竹縣,北埔鄉立幼兒園,新竹縣北埔鄉中興街2號,24.70127272,121.0592442,255994.4828,2732691.947,8.4,環保署,公立幼兒園,自行維運,未解列,新竹縣北埔鄉公所,新竹縣北埔鄉中山路20 號 ,陳明良,03-5802204,-,-,-,-
gw-125,111,新竹縣,湖口國小,新竹縣湖口鄉八德路二段182號,24.87877991,121.06051,256113.855,2752352.475,97.1,環保署,國小,自行維運,未解列,新竹縣湖口鄉湖口國民小學,新竹縣湖口鄉八德路二段182號,潘淑華,03-5692403#168,-,-,-,-
gw-126,111,新竹縣,清水國小,新竹縣新埔鎮清水里143號,24.86705526,121.1362247,263765.292,2751059.377,12.9,環保署,國小,自行維運,未解列,新竹縣新埔鎮清水國民小學,新竹縣新埔鎮清水里143號,林祐聖,03-5899235#13,-,-,-,-
gw-127,111,新竹縣,北埔鄉公所公有市場,新竹縣北埔鄉光復街30號 ,24.69926928,121.0563105,255697.7387,2732469.927,26.6,環保署,公有設施,自行維運,未解列,新竹縣北埔鄉公所,新竹縣北埔鄉中山路20 號 ,陳明良,03-5802204,-,-,-,-
gw-128,112,新竹縣,大坪多元智能生態美學實驗小學,新竹縣北埔鄉外大坪一鄰8號,24.67527006,121.0593357,256004.9914,2729811.968,23.5,教育局,國小,自行維運,未解列,大坪多元智能生態美學實驗小學,新竹縣北埔鄉外大坪一鄰8號,,(03)580-2264#12,-,-,-,-
gw-129,109,新竹市,南華國中,新竹市北區海濱路55號,24.84405388,120.927465,242669.1,2748506.82,246.8,環保署,國中,自行維運,設置中,南華國中,新竹市北區海濱路55號,彭燦明,5362204#155,-,-,-,-
gw-130,109,新竹市,三民國中,新竹市東區中央路345號,24.81394255,120.9806433,248043.2,2745169.9,79,環保署,國中,自行維運,設置中,三民國中,新竹市東區中央路345號,陳國慶,03-5339825 #137,-,-,-,-
gw-131,109,新竹市,香山高中附屬國中,新竹市香山區元培街124號,24.78515766,120.9291631,242837.3441,2741983.437,16,環保署,國中,自行維運,設置中,香山高中附屬國中,新竹市香山區元培街124號,黃弘毅,03-5384332#402,-,-,-,-
gw-132,110,新竹市,大庄國小,新竹市香山區大庄路48號,24.78940153,120.9278796,242707.81,2742453.55,60,環保署,國小,自行維運,設置中,大庄國小,新竹市香山區大庄路48號,賴曉寧,03-5384332#606,-,-,-,-
gw-133,110,新竹市,新科國中,新竹市東區光復路一段89巷88號,24.78004756,121.0236949,252396,2741415.8,83.8,環保署,國中,自行維運,設置中,新科國中,新竹市東區光復路一段89巷88號,李慈蘋,03-6686387#852,-,-,-,-
gw-134,111,新竹市,舊港里-防災中心,新竹市舊港里64-1號,24.84419356,120.9413105,244068.4293,2748521.617,4.2,環保署,公有設施,自行維運,設置中,舊港里辦公處,新竹市舊港里舊港47號,蔡松根,922012523,-,-,-,-
gw-135,111,新竹市,舊港里-里民集會所,新竹市北區6鄰54號,24.84562415,120.942019,244140.1037,2748680.038,3.5,環保署,公有設施,自行維運,設置中,舊港里辦公處,新竹市舊港里舊港47號,蔡松根,922012523,-,-,-,-
gw-136,111,新竹市,明湖里-亞美加公園,-,24.76862435,120.9772023,247694.5098,2740150.568,18.46,環保署,公有設施,自行維運,設置中,明湖里辦公處,新竹市明湖路1050巷180號,林汶蓉,986749297,-,-,-,-
gw-137,111,新竹市,香山高中附屬國中,新竹市香山區元培街124號,24.7851674,120.9291631,242837.3446,2741984.516,39.63,環保署,國中,自行維運,設置中,香山高中附屬國中,新竹市香山區元培街124號,黃弘毅,03-5384332#402,-,-,-,-
gw-138,112,新竹市,勤學樓後方之區域與圍牆、幼兒園遊具區與圍牆、仁愛樓花台,新竹市北區水田街33號,24.81418029,120.9655993,246522.3883,2745196.531,72,環保署,國小,自行維運,設置中,北門國小,新竹市水田街33號,李敦仁,03-5316668#100,-,-,-,-
gw-139,112,新竹市,仁愛樓花台,300新竹市東區民族路33號,24.80568123,120.9725546,247225.3244,2744255.024,21.732,環保署,國小,自行維運,設置中,新竹市東區東門國民小學,300新竹市東區民族路33號,李阿丹,03-5222109#860,-,-,-,-
gw-140,112,新竹市,F棟花台,300新竹市東區學府路4號,24.79456743,120.9782701,247802.9474,2743023.969,18.278,環保署,國中,自行維運,設置中,新竹市東區培英國民中學,300新竹市東區學府路4號,潘致惠,03-5721301#300,-,-,-,-
gw-141,113,新竹市,2樓教室陽台,300新竹市科學園路171號,24.78197855,121.0118857,251201.8539,2741629.519,5.91,環保局,國小,自行維運,設置中,新竹市東區科園國民小學,300新竹市科學園路171號,羅舒璘,03-6668421#130,-,-,-,-
gw-142,113,新竹市,普通教室及專科教室大樓兩側二至四樓各教室前洗手台區,300新竹市香山區延平路二段76號,24.80693346,120.9421437,244150.8955,2744394.68,7.93,環保局,國中,自行維運,設置中,新竹市立虎林國民中學,新竹市香山區延平路二段76號,王憶貞,03-5309433#214,-,-,-,-
gw-143,113,新竹市,感恩樓1至5樓各教室旁樓梯花台區,300新竹市建華里2鄰學府路2號,24.79330125,120.9762319,247596.8453,2742883.762,2.97,環保局,國中,自行維運,設置中,新竹市立建華國民中學,新竹市建華里2鄰學府路2號,邱泓信,03-55238075#130,-,-,-,-
gw-144,113,新竹市,第一教學大樓2至4樓花台,300新竹市東區中央路345號,24.81272371,120.9795522,247932.8829,2745034.919,18,環保局,國中,自行維運,設置中,新竹市立三民國民中學,新竹市東區中央路345號,陳國慶,03-5339825#131,-,-,-,-
gw-145,113,新竹市,弘愛樓2樓校長室旁,300新竹市北區四維路47號,24.79948355,120.9612814,246085.4301,2743568.852,20,環保局,國小,自行維運,設置中,國立清華大學附設實驗國民小學,新竹市北區四維路47號,蘇玉慧,03-5282420#302,-,-,-,-
gw-146,110,苗栗縣,水尾社區,苗栗縣後龍鎮水尾里12鄰104-7號,24.63268994,120.762721,225978.3053,2725115.369,16.05,環保局,其他,志工認養,未解列,水尾社區,苗栗縣後龍鎮水尾里12鄰104-7號,方建忠,0939-288691,水尾社區,志工認養,"111/01/18-
113/01/18",1
gw-147,111,苗栗縣,海口社區,苗栗縣竹南鎮海口里育才路六號,24.67525419,120.8622238,236056.5281,2729815.911,8.4,環保局,其他,志工認養,未解列,海口社區,苗栗縣竹南鎮海口里育才路六號,陳啟文,037-477174,海口社區,志工認養,"112/01/30-
114/01/30",-
gw-148,111,苗栗縣,溪洲社區,苗栗縣後龍鎮溪洲理7鄰四份仔路28號,24.62025464,120.7811246,227839.2602,2723734.985,8.4,環保局,其他,志工認養,未解列,溪洲社區,苗栗縣後龍鎮溪洲理7鄰四份仔路28號,何錦麟,037-723585,溪洲社區,志工認養,"112/01/31-
114/01/31",-
gw-149,111,苗栗縣,成功國小,苗栗縣後龍鎮水尾104-1號,24.63268046,120.7617472,225879.71,2725114.49,8.5,環保局,國小,自行維運,未解列,成功國小,苗栗縣後龍鎮水尾104-1號,朱組長,037-722211#15,成功國小,自行維運,"112/03/28-
114/03/28",-
gw-150,111,苗栗縣,景山國小,苗栗縣卓蘭鎮景山里88號,24.35263063,120.8652553,236328.46,2694083.49,16.2,環境部,國小,自行維運,未解列,景山國小,苗栗縣卓蘭鎮景山里88號,邱世祺,04-25921221#11,景山國小,自行維運,"111/10/12-
113/10/12",-
gw-151,111,苗栗縣,龍昇社區,苗栗縣造橋鄉龍昇村8鄰16-1號,24.6418242,120.8292122,232711.0182,2726117.059,8.4,環保局,其他,志工認養,未解列,龍昇社區,苗栗縣造橋鄉龍昇村8鄰16-1號,陳吳滿玉,037-651565,龍昇社區,志工認養,"111/12/20-
113/12/20",-
gw-152,112,苗栗縣,頭份國中,苗栗縣頭份市中央路275號,24.69174083,120.9013502,240017.588,2731638.516,25,環境部,國中,自行維運,未解列,頭份國中,苗栗縣頭份市中央路275號,林安正,0928-183949,頭份國中,自行維運,"112/09/25-
114/09/25",-
gw-153,112,苗栗縣,尖山國小,苗栗縣頭份市尖下里尖豐路305號,24.65430872,120.8831259,238169.934,2727494.092,24.95,環境部,國小,自行維運,未解列,尖山國小,苗栗縣頭份市尖下里尖豐路305號,邱秀玲,"037-
624474#51",尖山國小,自行維運,"112/10/03-
114/10/03",-
gw-154,112,苗栗縣,新開國小,苗栗縣大湖鄉新開村4鄰25號,24.35230037,120.7976048,229464.41,2694055.24,20.67,環境部,國小,自行維運,未解列,新開國小,苗栗縣大湖鄉新開村4鄰25號,李光明,037-951210#281,新開國小,自行維運,"112/10/12-
114/10/12",-
gw-155,112,苗栗縣,福星社區,苗栗縣公館鄉福星村6鄰186-1號,24.48565118,120.8279086,232557.4598,2708820.174,7.54,環保局,其他,志工認養,未解列,福星社區,苗栗縣公館鄉福星村6鄰186-1號,謝恩榮,037-233778,福星社區,志工認養,112/11/13-114/11/13,-
gw-156,112,苗栗縣,啟明國小,苗栗縣通霄鎮內島里二鄰15號,24.55929822,120.708963,220518.724,2716997.198,4.32,環保局,國小,自行維運,未解列,啟明國小,苗栗縣通霄鎮內島里二鄰15號,趙文德,037-791388,啟明國小,自行維運,112/11/14-114/11/14,-
gw-157,112,苗栗縣,大埔社區,竹南鎮大埔里19鄰五福新村36號,24.71570883,120.9052765,240416.7206,2734292.871,7,環保局,其他,志工認養,未解列,大埔社區,竹南鎮大埔里19鄰五福新村36號,鄭文進,0932-668330,大埔社區,志工認養,112/11/13-114/11/13,-
gw-158,112,苗栗縣,大埔國小,苗栗縣竹南鎮仁愛路1092號,24.70851436,120.8899179,238862.241,2733497.19,8.42,環保局,國小,自行維運,未解列,大埔國小,苗栗縣竹南鎮仁愛路1092號,徐臻輝,037-584370,大埔國小,自行維運,112/11/10-114/11/10,-
gw-159,112,苗栗縣,坪林國小,苗栗縣卓蘭鎮坪林里7鄰86-2號,24.33581565,120.8763021,237447.64,2692220.15,6.5,環保局,國小,自行維運,未解列,坪林國小,苗栗縣卓蘭鎮坪林里7鄰86-2號,藍曉萍,04-25921334,坪林國小,自行維運,112/11/13-114/11/13,-
gw-160,113,苗栗縣,田美國小,苗栗縣南庄鄉田美村9鄰191號,24.62934021,121.0084824,250858.76,2724723.66,160,環保局,國小,自行維運,未解列,田美國小,苗栗縣南庄鄉田美村9鄰191號,紀子鈞,037-822445,田美國小,自行維運,"113/07/31-
115/07/31",-
gw-161,113,苗栗縣,頭份國中,苗栗縣頭份市中央路275號,24.69174083,120.9013502,240017.588,2731638.516,16,環保局,國中,自行維運,未解列,頭份國中,苗栗縣頭份市中央路275號,林安正,037-663207#304,頭份國中,自行維運,"113/08/02-
115/08/02",-
gw-162,113,苗栗縣,苑裡國小,苗栗縣苑裡鎮中山路307號,24.44835958,120.655125,215034.361,2704722.679,16,環保局,國小,自行維運,未解列,苑裡國小,苗栗縣苑裡鎮中山路307號,張銘麟,037-861013,苑裡國小,自行維運,"113/08/21-
115/08/21",-
gw-163,113,苗栗縣,福興武術國小,苗栗縣通霄鎮福興里58-2號,24.42556284,120.7276607,222383.5771,2702181.448,35.54,環保局,國小,自行維運,未解列,福興武術國小,苗栗縣通霄鎮福興里58-2號,丁厚尹,037-783832#16,福興武術國小,自行維運,"113/09/06-
115/09/06",-
gw-164,113,苗栗縣,苑裡高級中學,苗栗縣苑裡鎮客庄里一鄰2號,24.43805893,120.6637009,215901.0769,2703579.693,48.62,環保局,國中,自行維運,未解列,苑裡高級中學,苗栗縣苑裡鎮客庄里一鄰2號,蕭盟議,037-861042-151,苑裡高級中學,自行維運,"113/09/24-
115/09/24",-
gw-165,108,臺中市,清水區甲南國民小學,臺中市清水區臨海路26號,24.30670759,120.5955152,208944.964,2689050.447,18.2,環保署,國小,自行維運,未解列,清水區甲南國民小學,臺中市清水區臨海路26號,蔡文勝,04-26261834#701,-,-,-,-
gw-166,108,臺中市,大雅區大雅國民小學,臺中市大雅區學府路230號,24.22223835,120.6511056,214564,2679680.01,65,環保署,國小,自行維運,未解列,大雅區大雅國民小學,臺中市大雅區學府路230號,詹幃婷,04-25667766#730,-,-,-,-
gw-167,108,臺中市,龍井區龍泉國民小學,臺中市龍井區龍新路162號,24.19611452,120.5476672,204048.63,2676816.87,16,環保署,國小,自行維運,未解列,龍井區龍泉國民小學,臺中市龍井區龍新路162號,蔡慧萍,04-26353340#203,-,-,-,-
gw-168,108,臺中市,西屯區東海國民小學,臺中市西屯區國際街75號,24.18504113,120.5939551,208747.394,2675576.036,21.5,環保署,國小,自行維運,未解列,西屯區東海國民小學,臺中市西屯區國際街75號,張凱棠,04-23509797#170,-,-,-,-
gw-169,108,臺中市,北區賴厝國民小學,臺中市北區漢口路四段168號,24.16653592,120.6787046,217352.977,2673504.177,44,環保署,國小,自行維運,未解列,北區賴厝國民小學,臺中市北區漢口路四段168號,謝文慶,04-22302388#730,-,-,-,-
gw-170,108,臺中市,北屯區東光國民小學,臺中市北屯區東光路926號,24.1718028,120.7017289,219693.748,2674082.309,76,環保署,國小,自行維運,未解列,北屯區東光國民小學,臺中市北屯區東光路926號,張瓊文,04-24377215#730,-,-,-,-
gw-171,108,臺中市,北屯區松竹國民小學,臺中市北屯區昌平路二段12號,24.18088893,120.6899147,218495.573,2675091.215,17.01,環保署,國小,自行維運,未解列,北屯區松竹國民小學,臺中市北屯區昌平路二段12號,劉清宏,04-22447043#730,-,-,-,-
gw-172,108,臺中市,西區忠明國民小學,臺中市西區臺灣大道二段556號,24.15780019,120.6591295,215361.568,2672541.394,23.16,環保署,國小,自行維運,未解列,西區忠明國民小學,臺中市西區臺灣大道二段556號,蔡欣男,04-23172860#731,-,-,-,-
gw-173,108,臺中市,西屯區大仁國民小學,臺中市西屯區重慶路200號,24.16765986,120.6581796,215267.714,2673633.596,23.4,環保署,國小,自行維運,未解列,西屯區大仁國民小學,臺中市西屯區重慶路200號,沈欹婷,04-23134545#731,-,-,-,-
gw-174,109,臺中市,北區賴厝國民小學,臺中市北區漢口路四段168號,24.16653592,120.6787046,217352.977,2673504.177,50,環保署,國小,自行維運,未解列,北區賴厝國民小學,臺中市北區漢口路四段168號,張正明,04-22302388#735,-,-,-,-
gw-175,109,臺中市,北屯區東光國民小學,臺中市北屯區東光路926號,24.1718028,120.7017289,219693.748,2674082.309,96,環保署,國小,自行維運,未解列,北屯區東光國民小學,臺中市北屯區東光路926號,張瓊文,04-24377215#730,-,-,-,-
gw-176,109,臺中市,太平區新平國民小學,臺中市太平區樹孝路336巷9號,24.15472648,120.720119,221558.53,2672187.24,24.42,環保署,國小,自行維運,未解列,太平區新平國民小學,臺中市太平區樹孝路336巷9號,趙曉萍,04-23914533#731,-,-,-,-
gw-177,109,臺中市,臺中市立立新國民中學,臺中市大里區甲堤路236號,24.10462648,120.6962824,219124.22,2666643.71,27,環保署,國中,自行維運,未解列,臺中市立立新國民中學,臺中市大里區甲堤路236號,蕭頌恩,04-22732299#301,-,-,-,-
gw-178,109,臺中市,南區和平國民小學,臺中市南區復興路二段57號,24.12054745,120.6594649,215385.625,2668415.552,28,環保署,國小,自行維運,未解列,南區和平國民小學,臺中市南區復興路二段57號,許順利,04-22613139#731,-,-,-,-
gw-179,109,臺中市,西屯區東海國民小學,臺中市西屯區國際街75號,24.18504113,120.5939551,208747.394,2675576.036,28,環保署,國小,自行維運,未解列,西屯區東海國民小學,臺中市西屯區國際街75號,張凱棠,04-23509797#170,-,-,-,-
gw-180,109,臺中市,西屯區國安國民小學,臺中市西屯區國祥街1號,24.19370794,120.608873,210265.699,2676531.579,55,環保署,國小,自行維運,未解列,西屯區國安國民小學,臺中市西屯區國祥街1號,蔡翠玲,04-24621681#730,-,-,-,-
gw-181,109,臺中市,臺中市立崇德國民中學,臺中市北屯區崇德路二段227號,24.1751267,120.6845743,217951.559,2674454.256,13,環保署,國中,自行維運,未解列,臺中市立崇德國民中學,臺中市北屯區崇德路二段227號,徐國勝,04-22454081#731,-,-,-,-
gw-182,109,臺中市,臺中市立三光國民中學,臺中市北屯區三光一街77號,24.16758945,120.6978361,219297.213,2673616.527,27,環保署,國中,自行維運,未解列,臺中市立三光國民中學,臺中市北屯區三光一街77號,呂志成,04-22313699#730,-,-,-,-
gw-183,109,臺中市,北屯區軍功國民小學,臺中市北屯區軍福十三路300號,24.17324748,120.719295,221478.908,2674238.615,30,環保署,國小,自行維運,未解列,北屯區軍功國民小學,臺中市北屯區軍福十三路300號,許建仁,04-24370696#731,-,-,-,-
gw-184,109,臺中市,霧峰區吉峰國民小學,臺中市霧峰區民生路349號,24.0797512,120.7191651,221444.963,2663883.942,59,環保署,國小,自行維運,未解列,霧峰區吉峰國民小學,臺中市霧峰區民生路349號,吳秋櫻,04-23300893#830,-,-,-,-
gw-185,109,臺中市,大里區立新國民小學,臺中市大里區立新街338號,24.10516664,120.6993968,219440.96,2666702.85,19,環保署,國小,自行維運,未解列,大里區立新國民小學,臺中市大里區立新街338號,陳彥甫,04-22769178#831,-,-,-,-
gw-186,110,臺中市,太平區建平國民小學,臺中市太平區精美路201號,24.12412814,120.7245486,222002.01,2668797.58,90,環保署,國小,自行維運,未解列,太平區建平國民小學,臺中市太平區精美路201號,蔡宏仁,04-22779532#656,-,-,-,-
gw-187,110,臺中市,大里區立新國民小學,臺中市大里區立新街338號,24.10516664,120.6993968,219440.96,2666702.85,17,環保署,國小,自行維運,未解列,大里區立新國民小學,臺中市大里區立新街338號,陳彥甫,04-22769178#831,-,-,-,-
gw-188,110,臺中市,臺中市立立新國民中學,臺中市大里區甲堤路236號,24.10462648,120.6962824,219124.22,2666643.71,30,環保署,國中,自行維運,未解列,臺中市立立新國民中學,臺中市大里區甲堤路236號,蕭頌恩,04-22732299#301,-,-,-,-
gw-189,110,臺中市,南區信義國民小學,臺中市南區五權南路325號,24.12160092,120.6685561,216310,2668530.01,18.5,環保署,國小,自行維運,未解列,南區信義國民小學,臺中市南區五權南路325號,葉美秀,04-22622005#731,-,-,-,-
gw-190,110,臺中市,臺中市立惠文高級中學(國中部),臺中市南屯區公益路二段298號,24.15273573,120.6397562,213391.4467,2671985.43,59.5,環保署,國中,自行維運,未解列,臺中市立惠文高級中學(國中部),臺中市南屯區公益路二段298號,吳佳蓉,04-22503928#751,-,-,-,-
gw-191,110,臺中市,北屯區松竹國民小學,臺中市北屯區昌平路二段12號,24.18088893,120.6899147,218495.573,2675091.215,16.2,環保署,國小,自行維運,未解列,北屯區松竹國民小學,臺中市北屯區昌平路二段12號,劉清宏,04-22447043#730,-,-,-,-
gw-192,110,臺中市,臺中市立崇德國民中學,臺中市北屯區崇德路二段227號,24.1751267,120.6845743,217951.559,2674454.256,8,環保署,國中,自行維運,未解列,臺中市立崇德國民中學,臺中市北屯區崇德路二段227號,徐國勝,04-22454081#731,-,-,-,-
gw-193,110,臺中市,臺中市立居仁國民中學,臺中市西區自由路一段97號,24.13707469,120.678727,217347.768,2670241.326,18,環保署,國中,自行維運,未解列,臺中市立居仁國民中學,臺中市西區自由路一段97號,黃靜月,04-22223620#731,-,-,-,-
gw-194,110,臺中市,西屯區上安國民小學,臺中市西屯區上安路156號,24.1725107,120.6391399,213334.466,2674175.688,20,環保署,國小,自行維運,未解列,西屯區上安國民小學,臺中市西屯區上安路156號,蔡雅琳,04-24527322#733,-,-,-,-
gw-195,110,臺中市,大肚區瑞井國民小學,臺中市大肚區瑞井里華山路680號,24.15878548,120.5671167,206011.688,2672676.355,4,環保署,國小,自行維運,未解列,大肚區瑞井國民小學,臺中市大肚區瑞井里華山路680號,宋招宗,04-26912550,-,-,-,-
gw-196,110,臺中市,清水區大秀國民小學,臺中市清水區五權路336號,24.27942687,120.5572667,205053.101,2686040.824,47,環保署,國小,自行維運,未解列,清水區大秀國民小學,臺中市清水區五權路336號,蔡惠閔,04-26263754#216,-,-,-,-
gw-197,110,臺中市,北屯區東光國民小學,臺中市北屯區東光路926號,24.1718028,120.7017289,219693.748,2674082.309,30,環保署,國小,自行維運,未解列,北屯區東光國民小學,臺中市北屯區東光路926號,張瓊文,04-24377215#730,-,-,-,-
gw-198,111,臺中市,西屯區上安國民小學,臺中市西屯區上安路156號,24.1725107,120.6391399,213334.466,2674175.688,20,環保署,國小,自行維運,未解列,西屯區上安國民小學,臺中市西屯區上安路156號,楊珮琳,04-24527322#731,-,-,-,-
gw-199,111,臺中市,臺中市立石岡國民中學,臺中市石岡區豐勢路國中巷1號,24.2679313,120.7967784,229366.918,2684711.31,115,環保署,國中,自行維運,未解列,臺中市立石岡國民中學,臺中市石岡區豐勢路國中巷1號,鄭佳峻,04-25813117#209,-,-,-,-
gw-200,111,臺中市,東區成功國民小學,臺中市東區旱溪西路一段300號,24.13717959,120.6992895,219437.656,2670248.305,16,環保署,國小,自行維運,未解列,東區成功國民小學,臺中市東區旱溪西路一段300號,邱祝賢,04-22124224#730,-,-,-,-
gw-201,111,臺中市,北區中華國民小學,臺中市北區漢口路三段2號,24.1659291,120.6659322,216055,2673440.01,20,環保署,國小,自行維運,未解列,北區中華國民小學,臺中市北區漢口路三段2號,劉武佳,04-22979601#731,-,-,-,-
gw-202,111,臺中市,臺中市立居仁國民中學,臺中市西區自由路一段97號,24.13707469,120.678727,217347.768,2670241.326,18,環保署,國中,自行維運,未解列,臺中市立居仁國民中學,臺中市西區自由路一段97號,何侑霖,04-22223620#730,-,-,-,-
gw-203,111,臺中市,南屯區大墩國民小學,臺中市南屯區向上路二段201號,24.14667181,120.6401783,213432.615,2671313.736,32,環保署,國小,自行維運,未解列,南屯區大墩國民小學,臺中市南屯區向上路二段201號,張佾穎 ,04-23816608#731,-,-,-,-
gw-204,111,臺中市,大肚區瑞峰國民小學,臺中市南屯區向上路二段201號,24.16871853,120.573808,206694.995,2673774.369,31.2,環保署,國小,自行維運,未解列,大肚區瑞峰國民小學,臺中市南屯區向上路二段201號,蕭程尹,04-26911291#731,-,-,-,-
gw-205,111,臺中市,南區樹德國民小學,臺中市南區復興北路566號,24.11512184,120.6485014,214269.7086,2667817.415,30,環保署,國小,自行維運,未解列,南區樹德國民小學,臺中市南區復興北路566號,蔡幸芬,04-22602230#730,-,-,-,-
gw-206,111,臺中市,梧棲區永寧國民小學,臺中市梧棲區中央路一段160號,24.22896478,120.5325495,202525.011,2680460.177,10,環保署,國小,自行維運,未解列,梧棲區永寧國民小學,臺中市梧棲區中央路一段160號,謝弘澤,04-26394234#731,-,-,-,-
gw-207,111,臺中市,沙鹿區北勢國民小學,臺中市沙鹿區南陽路376號,24.21636928,120.571909,206518.197,2679052.374,29.868,環保署,國小,自行維運,未解列,沙鹿區北勢國民小學,臺中市沙鹿區南陽路376號,陳榮閔,04-26315032#725,-,-,-,-
gw-208,111,臺中市,臺中市立崇倫國民中學,臺中市南區忠明南路653號,24.13186641,120.6586655,215307.425,2669669.328,26,環保署,國中,自行維運,未解列,臺中市立崇倫國民中學,臺中市南區忠明南路653號,石浩宇,04-23712324#731,-,-,-,-
gw-209,111,臺中市,太平區太平國民小學,臺中市太平區中興路35號,24.12782075,120.7176547,221302.1,2669207.93,22,環保署,國小,自行維運,未解列,太平區太平國民小學,臺中市太平區中興路35號,余紀錡,04-22783631#726,-,-,-,-
gw-210,111,臺中市,清水區大楊國民小學,臺中市清水區鰲海路325號,24.29249046,120.6099387,210404.541,2687471.676,9.35,環保署,國小,自行維運,未解列,清水區大楊國民小學,臺中市清水區鰲海路325號,林祺清,04-26200634#130,-,-,-,-
gw-211,111,臺中市,西屯區大仁國民小學,臺中市西屯區重慶路200號,24.16765986,120.6581796,215267.714,2673633.596,14,環保署,國小,自行維運,未解列,西屯區大仁國民小學,臺中市西屯區重慶路200號,曹智敏,04-23134545#6731,-,-,-,-
gw-212,111,臺中市,西屯區東海國民小學,臺中市西屯區國際街75號,24.18504113,120.5939551,208747.394,2675576.036,22,環保署,國小,自行維運,未解列,西屯區東海國民小學,臺中市西屯區國際街75號,張凱棠,04-23509797#170,-,-,-,-
gw-213,111,臺中市,西區忠信國民小學,臺中市西區林森路155號,24.13928069,120.6685721,216316.257,2670488.045,26.6,環保署,國小,自行維運,未解列,西區忠信國民小學,臺中市西區林森路155號,莊鎮嘉,4-23722866#731,-,-,-,-
gw-214,111,臺中市,大里區立新國民小學,臺中市大里區立新街338號,24.10516664,120.6993968,219440.96,2666702.85,15,環保署,國小,自行維運,未解列,大里區立新國民小學,臺中市大里區立新街338號,陳靜儀,04-22769178#831,-,-,-,-
gw-215,111,臺中市,臺中市立大德國民中學,臺中市北屯區雷中街2-23號,24.18015083,120.66907,216377.565,2675014.322,18.9,環保署,國中,自行維運,未解列,臺中市立大德國民中學,臺中市北屯區雷中街2-23號,吳玉蘭,04-22916984#731,-,-,-,-
gw-216,111,臺中市,西區忠孝國民小學,臺中市西區三民路一段171號,24.13780499,120.6736603,216833.009,2670323.397,88.6,環保署,國小,自行維運,未解列,西區忠孝國民小學,臺中市西區三民路一段171號,俞昱晴,04-22242161#733,-,-,-,-
gw-217,111,臺中市,北屯區松竹國民小學,臺中市北屯區昌平路二段12號,24.18088893,120.6899147,218495.573,2675091.215,12.6,環保署,國小,自行維運,未解列,北屯區松竹國民小學,臺中市北屯區昌平路二段12號,龔旻育,04-22447043#730,-,-,-,-
gw-218,111,臺中市,北區健行明新聯合活動中心,臺中市北區永興街301號,24.16617706,120.6822311,217711.2261,2673463.615,12,環保署,公有設施,自行維運,未解列,北區區公所,臺中市北區永興街301號,陳慈徽,04-22314031#234,-,-,-,-
gw-219,112,臺中市,西屯區漢口國中,臺中市西屯區漢口路一段54-1號,24.16100903,120.6574697,215193.774,2672897.187,19.01,環保署,國中,自行維運,未解列,西屯區漢口國中,臺中市西屯區漢口路一段54-1號,歐陽碧霞,04-23816608#724,-,-,-,-
gw-220,112,臺中市,大里區光榮國中,臺中市大里區東榮路280號,24.11078651,120.6868508,218166.93,2667328.04,35.11,環保署,國中,自行維運,未解列,大里區光榮國中,臺中市大里區東榮路280號,陳麗慧,04-24831428#163,-,-,-,-
gw-221,112,臺中市,東區大智國小,臺中市東區大智路359號,24.12861441,120.690785,218571.216,2669301.591,43.9,環保署,國小,自行維運,未解列,東區大智國小,臺中市東區大智路359號,莊雅景,04-22825683#730,-,-,-,-
gw-222,112,臺中市,北屯區僑孝國小,臺中市北屯區北屯路435號,24.17766813,120.6995501,219473.768,2674732.372,10.64,環保署,國小,自行維運,未解列,北屯區僑孝國小,臺中市北屯區北屯路435號,鄭秋惠,04-22447049#730,-,-,-,-
gw-223,112,臺中市,沙鹿區沙鹿國小,臺中市沙鹿區中正街3號,24.2351467,120.5617254,205490.35,2681135.23,11.46,環保署,國小,自行維運,未解列,沙鹿區沙鹿國小,臺中市沙鹿區中正街3號,陳慧芬,04-26625014#113,-,-,-,-
gw-224,112,臺中市,豐原區瑞穗國小,臺中市豐原區西安街72號,24.24928136,120.7116687,220721.41,2682661.03,24.3,環保署,國小,自行維運,未解列,豐原區瑞穗國小,臺中市豐原區西安街72號,邱智楷,04-25262064#730,-,-,-,-
gw-225,112,臺中市,西區居仁國中,臺中市西區自由路一段97號,24.13707469,120.678727,217347.768,2670241.326,16,環保署,國中,自行維運,未解列,西區居仁國中,臺中市西區自由路一段97號,羅瀚倫,04-22223620#731,-,-,-,-
gw-226,112,臺中市,西屯區上安國小,臺中市西屯區上安路156號,24.1725107,120.6391399,213334.466,2674175.688,25.42,環保署,國小,自行維運,未解列,西屯區上安國小,臺中市西屯區上安路156號,彭玫瑄,04-24527322,-,-,-,-
gw-227,112,臺中市,東區成功國小,臺中市東區旱溪西路一段300號,24.13717959,120.6992895,219437.656,2670248.305,45,環保署,國小,自行維運,未解列,東區成功國小,臺中市東區旱溪西路一段300號,賴正忠,04-22124224#730,-,-,-,-
gw-228,112,臺中市,大甲區文昌國小,臺中市大甲區育德路113號,24.34808795,120.6241821,211867.05,2693625.31,23.7,環保署,國小,自行維運,未解列,大甲區文昌國小,臺中市大甲區育德路113號,陳芷萱,04-26872076#834,-,-,-,-
gw-229,112,臺中市,大甲區華龍國小,臺中市大甲區工二路1號,24.40606509,120.6486697,214368,2700040.01,21.77,環保署,國小,自行維運,未解列,大甲區華龍國小,臺中市大甲區工二路1號,林曉雯,0426811270 #730,-,-,-,-
gw-230,112,臺中市,大肚區瑞峰國小,臺中市大肚區太平路1號,24.16871853,120.573808,206694.995,2673774.369,21.48,環保署,國小,自行維運,未解列,大肚區瑞峰國小,臺中市大肚區太平路1號,吳敏鉅,04-26911291 #731,-,-,-,-
gw-231,112,臺中市,沙鹿區鹿寮國中,臺中市沙鹿區光華路385號,24.24379636,120.5667834,206007,2682091.6,23.05,環保署,國中,自行維運,未解列,沙鹿區鹿寮國中,臺中市沙鹿區光華路385號,陳英元,04-26622207#66,-,-,-,-
gw-232,108,彰化縣,彰化縣埔心鄉梧鳳國民小學(一),彰化縣埔心鄉大溪路三段175號,23.96994167,120.5124798,200387,2651780.009,45,環境部,國小,自行維運,未解列,彰化縣埔心鄉梧鳳國民小學,彰化縣埔心鄉大溪路三段175號,總務主任,04-8291964,-,-,-,-
gw-233,108,彰化縣,彰化縣和美鎮和東國民小學,彰化縣和美鎮彰美路五段210號,24.10925556,120.5014529,199319.51,2667213.02,28,環境部,國小,自行維運,未解列,彰化縣和美鎮和東國民小學,彰化縣和美鎮彰美路五段210號,總務主任,04-7552724,-,-,-,-
gw-234,109,彰化縣,彰化縣埔心鄉梧鳳國民小學(二),彰化縣埔心鄉大溪路三段175號,23.96994167,120.5124798,200387,2651780.009,20,環境部,國小,自行維運,未解列,彰化縣埔心鄉梧鳳國民小學,彰化縣埔心鄉大溪路三段175號,總務主任,04-8291964,-,-,-,-
gw-235,109,彰化縣,彰化縣福興鄉西勢國民小學,彰化縣福興鄉員鹿路二段412號,24.04403341,120.4372725,192766.086,2660014.23,20,環境部,國小,自行維運,未解列,彰化縣福興鄉西勢國民小學,彰化縣福興鄉員鹿路二段412號,總務主任,04-7772317,-,-,-,-
gw-236,109,彰化縣,彰化縣立和美高級中學(國中部),彰化縣和美鎮西園路31號,24.11325089,120.4936715,198530.0652,2667658.344,43,環境部,國中,自行維運,未解列,彰化縣立和美高級中學(國中部),彰化縣和美鎮西園路31號,總務主任,04-7552043,-,-,-,-
gw-237,110,彰化縣,彰化縣彰化市南郭國民小學,彰化縣彰化市中興路98號,24.0712916,120.5470247,203938.67,2662992.769,29,環境部,國小,自行維運,未解列,彰化縣彰化市南郭國民小學,彰化縣彰化市中興路98號,總務主任,04-7280366,-,-,-,-
gw-238,110,彰化縣,彰化縣伸港鄉伸東國民小學,彰化縣伸港鄉中華路565號509,24.14600403,120.4956815,198747.44,2671285.08,14.8,環境部,國小,自行維運,未解列,彰化縣伸港鄉伸東國民小學,彰化縣伸港鄉中華路565號509,總務主任,04-7982314,-,-,-,-
gw-239,110,彰化縣,彰化縣溪湖鎮溪湖國民小學,彰化縣溪湖鎮二溪路一段35號,23.95923026,120.478529,196927.507,2650606.083,30,環境部,國小,自行維運,未解列,彰化縣溪湖鎮溪湖國民小學,彰化縣溪湖鎮二溪路一段35號,總務主任,04-8853126,-,-,-,-
gw-240,110,彰化縣,彰化縣溪湖鎮湖南國民小學,彰化縣溪湖鎮彰水路二段725號,23.95004391,120.480162,197089.967,2649588.086,22,環境部,國小,自行維運,未解列,彰化縣溪湖鎮湖南國民小學,彰化縣溪湖鎮彰水路二段725號,事務主任,04-8816845,-,-,-,-
gw-241,111,彰化縣,彰化縣溪州鄉大莊國民小學,彰化縣溪州鄉中橫巷1號,23.81602715,120.5675061,205934.767,2634716.059,8.4,環境部,國小,自行維運,未解列,彰化縣溪州鄉大莊國民小學,彰化縣溪州鄉中橫巷1號,總務主任,04-8802438,-,-,-,-
gw-242,111,彰化縣,彰化縣溪州鄉成功國民小學,彰化縣溪州鄉登山路二段365號,23.82606324,120.5448221,203627.107,2635834.755,30,環境部,國小,自行維運,未解列,彰化縣溪州鄉成功國民小學,彰化縣溪州鄉登山路二段365號,總務主任,04-8802225,長春石油化學股份有限公司,企業認養,113年02月01日~114年01月31日,-
gw-243,111,彰化縣,彰化縣花壇鄉花壇國民小學,彰化縣花壇鄉學前路108號,24.02631457,120.5432083,203534.41,2658012.81,20.24,環境部,國小,自行維運,未解列,彰化縣花壇鄉花壇國民小學,彰化縣花壇鄉學前路108號,總務主任,04-7862029,-,-,-,-
gw-244,112,彰化縣,彰化縣彰化市石牌國民小學,彰化縣彰化市田坑路一段9號,24.05852675,120.6142716,210772.95,2661558.65,9,環境部,國小,自行維運,未解列,彰化縣彰化市石牌國民小學,彰化縣彰化市田坑路一段9號,總務主任,04-7381672,長春石油化學股份有限公司,企業認養,113年02月01日~114年01月31日,-
gw-245,112,彰化縣,彰化縣員林市明湖國民小學,彰化縣員林市湖水路277號,23.9530791,120.6158145,210898,2649880.009,22.5,環境部,國小,自行維運,未解列,彰化縣員林市明湖國民小學,彰化縣員林市湖水路277號,總務主任,04-8310743,長春石油化學股份有限公司,企業認養,113年02月01日~114年01月31日,-
gw-246,113,彰化縣,彰化縣和美鄉大嘉國民小學,彰化縣和美鎮彰和路三段50號,24.09672575,120.5119913,200385.99,2665821.56,52,環保局,國小,自行維運,未解列,彰化縣和美鄉大嘉國民小學,彰化縣和美鎮彰和路三段50號,總務主任,04-7552524,晉瑜企業股份有限公司,企業認養,113年11月01日~114年10月30日,-
gw-247,113,彰化縣,彰化縣伸港鄉大同國民小學,彰化縣伸港鄉彰新路七段724號,24.15997968,120.4919085,198369.61,2672834.3,18.3,環保局,國小,自行維運,未解列,彰化縣伸港鄉大同國民小學,彰化縣和美鎮彰和路三段50號,陳兆彥,04-7988080轉761,台灣鋼聯股份有限公司,企業認養,113年11月01日~114年10月30日,-
gw-248,113,彰化縣,彰化縣田尾鄉陸豐國民小學,彰化縣田尾鄉民生路三段200號,23.91734519,120.5050443,199609.881,2645957.631,4.5,環保局,國小,自行維運,未解列,彰化縣田尾鄉陸豐國民小學,彰化縣田尾鄉民生路三段200號,浦聰閔,952554276,台灣玻璃工業公司,企業認養,113年11月01日~114年10月30日,-
gw-249,109,南投縣,信義鄉愛國村愛國段投91線兩側綠美化計畫,信義鄉愛國村愛國段投91線兩側,23.69266809,120.8499934,234702.0535,2620995.721,45,環保局,公有設施,志工認養,未解列,信義鄉公所,南投縣信義鄉玉山路47號,陳雅慧,049-2791860,信義鄉愛國村辦公處,志工認養,民國114年9月15日,5
gw-250,109,南投縣,竹山鎮桶頭國小清淨空氣綠牆計畫,南投縣竹山鎮鯉南路312之1號,23.64596294,120.6564043,214946.91,2615857.59,33,環保署,國小,自行維運,未解列,桶頭國小,南投縣竹山鎮鯉南路312之1號,陳廷楷,049-2711034,無,自行維運,-,-
gw-251,109,南投縣,竹山鎮鯉魚國小清淨空氣綠牆計畫,南投縣竹山鎮鯉行路92號,23.71518858,120.6544877,214769.95,2623524.38,15,環保署,國小,自行維運,未解列,鯉魚國小,南投縣竹山鎮鯉行路92號,丁學勤,049-2644984#13,無,自行維運,-,-
gw-252,111,南投縣,南投縣草屯鎮新豐社區活動中心,南投縣草屯鎮番子田路100號,24.00114509,120.6766389,217100.8944,2655187.703,6.566,環保局,公有設施,自行維運,未解列,南投縣草屯鎮新豐社區發展協會,南投縣草屯鎮番子田路100號,洪向義,0932-688195,無,自行維運,-,-
gw-253,111,南投縣,草屯鎮敦和里集會所暨社區活動中心,南投縣草屯鎮敦和里仁愛街156號,23.98225968,120.6784721,217282.6407,2653095.75,5.77044,環保局,公有設施,自行維運,未解列,南投縣草屯鎮敦和社區發展協會,南投縣草屯鎮敦和里仁愛街156號2樓,李秀雲,049-2355752,無,自行維運,-,-
gw-254,111,南投縣,御史新集會所,南投縣草屯鎮登輝路163號,23.98935988,120.6912466,218584.2527,2653879.177,42.57,環保局,公有設施,自行維運,未解列,南投縣草屯鎮御史社區發展協會,南投縣草屯鎮登輝路163號,陳霓瑄,049-2562450,無,自行維運,-,-
gw-255,112,南投縣,南投縣竹山鎮桶頭國民小學,南投縣竹山鎮鯉南路312之1號,23.64596294,120.6564043,214946.91,2615857.59,1.6,環保局,國小,自行維運,未解列,南投縣竹山鎮桶頭國民小學,南投縣竹山鎮鯉南路312之1號,陳廷楷,049-2711034,無,自行維運,-,-
gw-256,112,南投縣,南投縣南投市康壽國民小學,南投縣南投市南陽路269號,23.91326538,120.6863373,218066,2645453,9.28,環保局,國小,自行維運,未解列,南投縣南投市康壽國民小學,南投縣南投市南陽路269號,廖美惠,049-2243457,無,自行維運,-,-
gw-257,112,南投縣,南投縣南投市平和國民小學附設幼兒園,南投縣南投市育樂路62號,23.91305495,120.6916861,218610.5134,2645428.498,33,環保局,公立幼兒園,自行維運,未解列,南投縣南投市平和國民小學附設幼兒園,南投縣南投市育樂路62號,籃慧娟,049-2225457,無,自行維運,-,-
gw-258,113,南投縣,南投縣南投市平和國民小學附設幼兒園,南投縣南投市育樂路62號,23.91305495,120.6916861,218610.5134,2645428.498,5,環保局,公立幼兒園,自行維運,未解列,南投縣南投市平和國民小學附設幼兒園,南投縣南投市育樂路62號,籃慧娟,049-2225457,無,自行維運,-,-
gw-259,113,南投縣,南投縣竹山鎮桶頭國民小學,南投縣竹山鎮鯉南路312之1號,23.64596294,120.6564043,214946.91,2615857.59,6,環保局,國小,自行維運,未解列,南投縣竹山鎮桶頭國民小學,南投縣竹山鎮鯉南路312之1號,陳廷楷,049-2711034,無,自行維運,-,-
gw-260,113,南投縣,南投縣國姓鄉國姓國民小學附設幼兒園,南投縣國姓鄉國姓路311號,24.03911365,120.8572158,235477.2898,2659362.232,5,環保局,公立幼兒園,自行維運,未解列,南投縣國姓鄉國姓國民小學附設幼兒園,南投縣國姓鄉國姓路311號,張靜榕,049-2721018#29,無,自行維運,-,-
gw-261,113,南投縣,南投縣魚池鄉魚池國民小學附設幼兒園,南投縣魚池鄉瓊文巷41號,23.8999651,120.9375827,243644.669,2643946.02,5,環保局,公立幼兒園,自行維運,未解列,南投縣魚池鄉魚池國民小學附設幼兒園,南投縣魚池鄉瓊文巷41號,范美麗,049-2895537#134,無,自行維運,-,-
gw-262,113,南投縣,南投縣竹山鎮竹山國民小學,南投縣竹山鎮向學街32號,23.7617597,120.687509,218148.3,2628674.1,63.68,環保局,國小,自行維運,未解列,南投縣竹山鎮竹山國民小學,南投縣竹山鎮向學街32號,黃聖元,049-2642016#114,無,自行維運,-,-
gw-263,113,南投縣,南投縣竹山鎮雲林國民小學,南投縣竹山鎮大明路666號,23.75678468,120.6770249,217078.42,2628125.53,5,環保局,國小,自行維運,未解列,南投縣竹山鎮雲林國民小學,南投縣竹山鎮大明路666號,楊子頡,049-2643321#115,無,自行維運,-,-
gw-264,113,南投縣,南投縣名間鄉名間國民小學,南投縣名間鄉彰南路220號,23.84507136,120.697905,219227.59,2637898.19,5,環保局,國小,自行維運,未解列,南投縣名間鄉名間國民小學,南投縣名間鄉彰南路220號,曾麗芳,049-2735936,無,自行維運,-,-
gw-265,113,南投縣,南投縣國姓鄉北山國民小學,南投縣國姓鄉中正路四段119-1號,23.98041145,120.8766776,237451.08,2652859.24,9,環保局,國小,自行維運,未解列,南投縣國姓鄉北山國民小學,南投縣國姓鄉中正路四段119-1號,涂明延,0932-879783,無,自行維運,-,-
gw-266,113,南投縣,南投縣埔里鎮大成國民小學,南投縣埔里鎮中山路三段565號,23.96994787,120.9512956,245043.59,2651695.8,20,環保局,國小,自行維運,未解列,南投縣埔里鎮大成國民小學,南投縣埔里鎮中山路三段565號,郭家益,0928-895397,無,自行維運,-,-
gw-267,113,南投縣,南投市福山社區附設幼兒園,南投縣南投市八卦路521-12號,23.91311392,120.6377208,213116.2663,2645448.061,5,環保局,公立幼兒園,自行維運,未解列,南投市福山社區附設幼兒園,南投縣南投市八卦路521-12號,黃俊翰,0953-352069,無,自行維運,-,-
gw-268,108,雲林縣,林頭國小清淨空氣綠牆,雲林縣斗六市榮譽路177號,23.70450253,120.5572093,204847.192,2622368.396,30,環境部,國小,自行維運,設置中,雲林縣斗六市林頭國民小學,雲林縣斗六市榮譽路177號,總務主任,05 532 2538,-,-,-,-
gw-269,108,雲林縣,義賢國小清淨空氣綠牆,雲林縣二崙鄉楊賢路1號,23.81709689,120.4139675,190291.44,2634890.68,10,環境部,國小,自行維運,設置中,雲林縣二崙鄉義賢國民小學,雲林縣二崙鄉楊賢路1號,總務主任,?05 598 2797,-,-,-,-
gw-270,108,雲林縣,仁和國小清淨空氣綠牆,雲林縣大埤鄉仁和路4號,23.6623559,120.4224288,191084,2617750.009,60,環境部,國小,自行維運,設置中,雲林縣大埤鄉仁和國民小學,雲林縣大埤鄉仁和路4號,總務主任,05 591 2454,-,-,-,-
gw-271,108,雲林縣,潮厝國小清淨空氣綠牆,雲林縣褒忠鄉潮厝村96號,23.71988655,120.338158,182517.1689,2624158.716,27,環境部,國小,自行維運,設置中,雲林縣潮厝華德福教育實驗國民小學,雲林縣褒忠鄉潮厝村96號,總務主任,05 697 2644,-,-,-,-
gw-272,108,雲林縣,復興國小清淨空氣綠牆,雲林縣褒忠鄉復興路71號,23.70480432,120.2839303,176979.408,2622515.123,2.7,環境部,國小,自行維運,設置中,雲林縣褒忠鄉復興國民小學,雲林縣褒忠鄉復興路71號,總務主任,05 697 2490,-,-,-,-
gw-273,108,雲林縣,民生國小清淨空氣綠牆,雲林縣林內鄉烏塗村華興路1號,23.76747259,120.5969257,208917,2629330.009,16,環境部,國小,自行維運,設置中,雲林縣林內鄉民生國民小學,雲林縣林內鄉烏塗村華興路1號,總務主任,05 589 2714,-,-,-,-
gw-274,109,雲林縣,光復國小清淨空氣綠牆,雲林縣虎尾鎮墾地里11鄰光復39號,23.74149213,120.3990354,188734.62,2626523.96,15.25,環境部,國小,企業認養,設置中,雲林縣虎尾鎮光復國民小學,雲林縣虎尾鎮墾地里11鄰光復39號,總務主任,05-6326257,荷松園藝景觀設計,企業認養,112年02月12日至113年02月11日,-
gw-275,110,雲林縣,石龜國小清淨空氣綠牆,雲林縣斗南鎮南生路1號,23.64166673,120.4826063,197214.32,2615435.24,18,環境部,國小,自行維運,設置中,雲林縣斗南鎮石龜國民小學,雲林縣斗南鎮南生路1號,總務主任,05 597 2354,-,-,-,-
gw-276,110,雲林縣,忠孝國小清淨空氣綠牆,雲林縣元長鄉龍岩村148號,23.62072679,120.3146453,180066.946,2613188.328,16,環境部,國小,自行維運,設置中,雲林縣元長鄉忠孝國民小學,雲林縣元長鄉龍岩村148號,總務主任,05-7882096,-,-,-,-
gw-277,110,雲林縣,僑和國小清淨空氣綠牆,雲林縣莿桐鄉新庄1號,23.76403595,120.4929418,198317,2628983.34,30,環境部,國小,自行維運,設置中,雲林縣莿桐鄉僑和國民小學,雲林縣莿桐鄉新庄1號,總務主任,05 584 2230,-,-,-,-
gw-278,111,雲林縣,莿桐六合國小清淨空氣綠牆,雲林縣莿桐鄉東興路63號,23.76864461,120.5630441,205464,2629470.009,10,環境部,國小,志工認養,設置中,雲林縣莿桐鄉六合國民小學,雲林縣莿桐鄉東興路63號,總務主任,05 634 1123,六合村辦公室,志工認養,111年09月01日至112年08月31日,-
gw-279,111,雲林縣,林內九芎國小清淨空氣綠牆,雲林縣林內鄉文化路10號,23.74400952,120.6024029,209468,2626730.009,16.5,環境部,國小,企業認養,設置中,雲林縣林內鄉九芎國民小學,雲林縣林內鄉文化路10號,總務主任,05 589 2647,荷松園藝景觀設計,企業認養,112年02月12日至113年02月11日,-
gw-280,111,雲林縣,二崙義賢國小清淨空氣綠牆,雲林縣二崙鄉楊賢路1號,23.81709689,120.4139675,190291.44,2634890.68,16.5,環境部,國小,志工認養,設置中,雲林縣二崙鄉義賢國民小學,雲林縣二崙鄉楊賢路1號,總務主任,05 598 2797,義賢國小愛心媽媽志工隊,志工認養,111年09月01日至112年12月31日,-
gw-281,111,雲林縣,麥寮橋頭國小清淨空氣綠牆,雲林縣麥寮鄉橋頭村仁德路248號,23.79788571,120.2738684,176005.941,2632829.043,17.584,環境部,國小,自行維運,設置中,?雲林縣橋頭國民小學,雲林縣麥寮鄉橋頭村仁德路248號,總務主任,05-6912358?,-,-,-,-
gw-282,111,雲林縣,虎尾大屯國小清淨空氣綠牆,雲林縣虎尾鎮147號,23.70179447,120.3890982,187702.69,2622131.86,10.48,環境部,國小,企業認養,設置中,雲林縣虎尾鎮大屯國民小學,雲林縣虎尾鎮147號,總務主任,05 665 1284,荷松園藝景觀設計,企業認養,112年02月12日至113年02月11日,-
gw-283,111,雲林縣,斗南石龜國小清淨空氣綠牆,雲林縣斗南鎮南生路1號,23.64166673,120.4826063,197214.32,2615435.24,18,環境部,國小,志工認養,設置中,雲林縣斗南鎮石龜國民小學,雲林縣斗南鎮南生路1號,總務主任,05 597 2354,石龜國小愛心志工隊,志工認養,112年01月01日至112年12月31日,-
gw-284,111,雲林縣,斗六鎮南國小清淨空氣綠牆,雲林縣斗六市南揚街60號,23.69866647,120.5385371,202941.01,2621728.12,3,環境部,國小,自行維運,設置中,雲林縣斗六市鎮南國民小學,雲林縣斗六市南揚街60號,總務主任,05 634 1109,-,-,-,-
gw-285,111,雲林縣,斗六久安國小清淨空氣綠牆,雲林縣斗六市久安南路120號,23.67693287,120.5136567,200395.51,2619329.66,28,環境部,國小,自行維運,設置中,雲林縣斗六市久安國民小學,雲林縣斗六市久安南路120號,總務主任,05 522 2724,-,-,-,-
gw-286,111,雲林縣,古坑永光國小清淨空氣綠牆,雲林縣古坑鄉永光村文昌路84號,23.62613069,120.5544625,204540,2613690.009,14.4,環境部,國小,自行維運,設置中,雲林縣古坑永光功國小,雲林縣古坑鄉永光村文昌路84號,總務主任,05-634-1139,-,-,-,-
gw-287,111,雲林縣,北港南陽國小清淨空氣綠牆,雲林縣北港鎮光明路59號,23.56646218,120.3009823,178643.39,2607185.437,19,環境部,國小,自行維運,設置中,雲林縣北港鎮南陽國民小學,雲林縣北港鎮光明路59號,總務主任,05 783 2106,-,-,-,-
gw-288,111,雲林縣,北港建國國中清淨空氣綠牆,雲林縣北港鎮大同路468號,23.57405611,120.2955716,178095.172,2608029.145,12,環境部,國中,自行維運,設置中,雲林縣立建國國民中學,雲林縣北港鎮大同路468號,總務主任,?05 783 2724,-,-,-,-
gw-289,111,雲林縣,口湖宜梧國中清淨空氣綠牆,雲林縣口湖鄉梧南村光明路1號,23.54692726,120.1956671,167880.093,2605078.374,29,環境部,國小,自行維運,設置中,雲林縣立宜梧國中,雲林縣口湖鄉梧南村光明路1號,總務主任,05-7907254,-,-,-,-
gw-290,111,雲林縣,久安國小附設幼兒園清淨空氣綠牆,雲林縣斗六市久安南路120號,23.67723244,120.5138425,200414.571,2619362.771,28,環境部,國小,自行維運,設置中,雲林縣斗六市久安國民小學,雲林縣斗六市久安南路120號,主任,05 522 2724,-,-,-,-
gw-291,111,雲林縣,斗六市立幼兒園清淨空氣綠牆,雲林縣斗六市大學路二段281號,23.6990517,120.5461275,203715.2102,2621768.297,18.3393,環境部,公立幼兒園,自行維運,設置中,斗六市立托兒所,雲林縣斗六市大學路二段281號,組長,05 532 8751,-,-,-,-
gw-292,111,雲林縣,東西屯環保公園清淨綠牆,雲林縣虎尾大屯路162-1號,23.70550244,120.3888208,187676.1591,2622542.629,20,環保局,其他,志工認養,設置中,虎尾鎮公所,雲林縣虎尾大屯路162-1號,"路燈管理所
廖豐億先生","05-6325395
05-6322132#254 
Fax:05-6322400",西屯社區發展協會,志工認養,111年07月06日至112年04月30日,-
gw-293,111,雲林縣,興中里環保公園清淨綠牆,雲林縣虎尾鎮興中83號,23.72122947,120.4366894,192564.4672,2624264.23,3.2,環保局,其他,志工認養,設置中,虎尾鎮公所,雲林縣虎尾鎮興中83號,"路燈管理所
廖豐億先生","05-6325395
05-6322132#254 
Fax:05-6322400",興中社區發展協會,志工認養,111年03月11日至116年03月10日,-
gw-294,111,雲林縣,二崙鄉大庄及田尾段裸露地綠化-3(田尾段195、198地號)清淨綠牆,-,23.751632,120.411682,190028.5536,2627641.538,16.15,環保局,其他,志工認養,設置中,二崙鄉公所,"23.751632, 120.411682","建設課
曾錦治小姐","05-5982001*504       
Fax:05-5988187",湳仔社區發展協會,志工認養,111年07月13日至115年06月04日,-
gw-295,111,雲林縣,二崙鄉崙西村社區綠化清淨綠牆,-,23.772096,120.408855,189749.7925,2629909.074,11.4,環保局,其他,志工認養,設置中,二崙鄉公所,"23.772096, 120.408855","建設課
曾錦治小姐","05-5982001*504       
Fax:05-5988187",崙西社區發展協會,志工認養,111年07月13日至113年04月30日,-
gw-296,111,雲林縣,大埤鄉豐岡村埔羌崙1458等地號廢棄物堆置場綠化清淨綠牆,-,23.667829,120.41529,190358.2658,2618359.099,11.4,環保局,其他,自行維運,設置中,大埤鄉公所,"23.667829, 120.415290","建設課
簡淑真小姐","05-5910499
Fax:05-5916393",-,-,-,-
gw-297,111,雲林縣,蘆竹巷段2614、2615地號裸露地綠化清淨綠牆,-,23.625822,120.428531,191690.2968,2613701.528,0.75396,環保局,其他,自行維運,設置中,大埤鄉公所,"23.625822, 120.428531","建設課
簡淑真小姐","05-5910499
Fax:05-5916393",-,-,-,-
gw-298,111,雲林縣,田子林段101-1等地號裸露地綠化清淨綠牆,-,23.657845,120.425404,191385.4898,2617249.22,0.75396,環保局,其他,自行維運,設置中,大埤鄉公所,"23.657845, 120.425404","建設課
簡淑真小姐","05-5910499
Fax:05-5916393",-,-,-,-
gw-299,112,雲林縣,三盛社區活動中心清淨綠牆,-,23.797651,120.264906,175092.4894,2632807.749,0.36,環保局,其他,志工認養,設置中,三盛社區發展協會,"23.797651, 120.264906",理事長,05-6911580,三盛社區發展協會,志工認養,111年12月06日至112年12月05日,-
gw-300,112,雲林縣,三結社區活動中心清淨綠牆,雲林縣大埤鄉38號,23.66591204,120.4444043,193327.2244,2618134.94,0.36,環保局,其他,志工認養,設置中,三結社區發展協會,雲林縣大埤鄉38號,理事長,0921-553145,三結社區發展協會,志工認養,112年01月10日至113年01月09日,-
gw-301,112,雲林縣,十三里社區活動中心綠牆,雲林縣斗六市十三南路66號,23.74548182,120.5639477,205548.2376,2626904.544,0.72,環保局,其他,志工認養,設置中,十三里社區發展協會,雲林縣斗六市十三南路66號,理事長,05-5514253,十三里社區發展協會,志工認養,113年01月16日至114年01月15日,-
gw-302,112,雲林縣,斗六市溝壩社區活動中心綠牆,雲林縣斗六市三樂路1號,23.67382109,120.5370085,202776.1835,2618977.122,0.63,環保局,其他,志工認養,設置中,溝壩社區發展協會,雲林縣斗六市三樂路1號,理事長,05-5223011,溝壩社區發展協會,志工認養,112年01月18日至114年01月15日,-
gw-303,112,雲林縣,林子里活動中心清淨綠牆,雲林縣斗南鎮林子241-1號,23.65474055,120.4833756,197298.0424,2616882.818,0.36,環保局,其他,志工認養,設置中,林子里社區發展協會,雲林縣斗南鎮林子241-1號,理事長,05-5978566,林子里社區發展協會,志工認養,112年02月10日至114年02月09日,-
gw-304,112,雲林縣,廉使社區活動中心清淨綠牆,雲林縣虎尾鎮1020號,23.72305472,120.4202344,190887.4932,2624473.104,0.36,環保局,其他,志工認養,設置中,廉使社區發展協會,雲林縣虎尾鎮1020號,理事長,0928-455179,廉使社區發展協會,志工認養,112年02月10日至114年02月09日,-
gw-305,112,雲林縣,斗六市立幼兒園清淨綠牆,雲林縣斗六市大學路二段281號,23.69903483,120.5461423,203716.7059,2621766.425,6.4575,環保署,國小,自行維運,設置中,斗六市立幼兒園,雲林縣斗六市大學路二段281號,組長,05 532 8751,-,-,-,-
gw-306,112,雲林縣,潮厝華德福教育實驗國民小學清淨綠牆,雲林縣褒忠鄉潮厝村96號,23.71994549,120.3380937,182510.6354,2624165.274,24,環境部,國小,自行維運,設置中,雲林縣潮厝華德福教育實驗國民小學,雲林縣褒忠鄉潮厝村96號,總務主任,05 697 2644,-,-,-,-
gw-307,112,雲林縣,斗六市林頭國民小學清淨綠牆,雲林縣斗六市榮譽路177號,23.70450253,120.5572093,204847.192,2622368.396,2,環保局,國小,自行維運,設置中,斗六市林頭國民小學清淨綠牆,雲林縣斗六市榮譽路177號,總務主任,05 532 2538,-,-,-,-
gw-308,112,雲林縣,台西鄉尚德國民小學,雲林縣台西鄉溪頂村12號,23.68323069,120.1890574,167290.821,2620177.672,4.5,環保局,國小,自行維運,設置中,雲林縣台西鄉尚德國民小學,雲林縣台西鄉溪頂村12號,總務主任,05 698 2074,-,-,-,-
gw-309,112,雲林縣,台西鄉泉州國民小學,雲林縣臺西鄉牛厝村舊泉州20號?,23.67570015,120.2040893,168819.358,2619335.029,3,環保局,國小,自行維運,設置中,雲林縣台西鄉泉州國民小學,雲林縣臺西鄉牛厝村舊泉州20號?,總務主任,05-6982145,-,-,-,-
gw-310,112,雲林縣,台西鄉新興國民小學,雲林縣臺西鄉和豐村復興路53號,23.73958714,120.2227561,170762,2626400.009,3.5,環保局,國小,自行維運,設置中,雲林縣台西鄉新興國民小學,雲林縣臺西鄉和豐村復興路53號,總務主任,05-6900143,-,-,-,-
gw-311,113,雲林縣,古坑鄉立幼兒園,雲林縣古坑鄉中山路1號,23.63684126,120.5579794,204902.5088,2614875.028,4,環保局,公立幼兒園,自行維運,設置中,古坑鄉立幼兒園,雲林縣古坑鄉中山路1號,高子羚老師,05 582 6935,-,-,-,-
gw-312,113,雲林縣,二崙鄉永定國民小學,雲林縣二崙鄉永定路238號,23.79593383,120.4197691,190872.98,2632544.48,4,環保局,國小,自行維運,設置中,二崙鄉永定國民小學,雲林縣二崙鄉永定路238號,總務主任,05 598 2796,-,-,-,-
gw-313,113,雲林縣,斗六市梅林國民小學,雲林縣斗六市梅林路256號,23.70258466,120.6014538,209358.407,2622142.684,4,環保局,國小,自行維運,設置中,斗六市梅林國民小學,雲林縣斗六市梅林路256號,總務主任,05 557 2211,-,-,-,-
gw-314,113,雲林縣,莿桐鄉大美國民小學,雲林縣莿桐鄉大美村大美路23號,23.73798323,120.5068486,199724.5,2626093.11,4,環保局,國小,自行維運,設置中,莿桐鄉大美國民小學,雲林縣莿桐鄉大美村大美路23號,總務主任,05 584 2504,-,-,-,-
gw-315,113,雲林縣,虎尾鎮中溪國民小學,雲林縣虎尾鎮過溪63號,23.72741192,120.4625367,195202.51,2624938.73,8,環保局,國小,自行維運,設置中,虎尾鎮中溪國民小學,雲林縣虎尾鎮過溪63號,總務主任,05 622 2385,-,-,-,-
gw-316,113,雲林縣,虎尾鎮中溪國民小學-附設幼兒園,雲林縣虎尾鎮過溪63號,23.72741192,120.4625367,195202.51,2624938.73,8,環保局,公立幼兒園,自行維運,設置中,虎尾鎮中溪國民小學-附設幼兒園,雲林縣虎尾鎮過溪63號,園長,05 622 2385,-,-,-,-
gw-317,113,雲林縣,二崙鄉大同國民小學,雲林縣二崙鄉大同路5號,23.79409597,120.3756488,186376,2632360.009,8,環保局,國小,自行維運,設置中,二崙鄉大同國民小學,雲林縣二崙鄉大同路5號,總務主任,05 598 2996,-,-,-,-
gw-318,113,雲林縣,莿桐鄉六合國民小學,雲林縣莿桐鄉東興路63號,23.76864461,120.5630441,205464,2629470.009,8,環保局,國小,自行維運,設置中,莿桐鄉六合國民小學,雲林縣莿桐鄉東興路63號,總務主任,05 634 1123,-,-,-,-
gw-319,108,嘉義縣,內埔國小清淨空氣綠牆(一),604嘉義縣竹崎鄉元興路2號,23.48543129,120.5621288,205274.64,2598106.12,30,環保署,國小,自行維運,未解列,內埔國小,604嘉義縣竹崎鄉元興路2號,黃信誠,05-2541005,-,-,-,-
gw-320,109,嘉義縣,內埔國小清淨空氣綠牆(二),604嘉義縣竹崎鄉元興路2號,23.48543129,120.5621288,205274.64,2598106.12,30,環保署,國小,自行維運,未解列,內埔國小,604嘉義縣竹崎鄉元興路2號,黃信誠,05-2541005,-,-,-,-
gw-321,109,嘉義縣,同仁國小清淨空氣綠牆(一),60654嘉義縣中埔鄉同仁村同仁24號,23.41277028,120.5101827,199941.27,2590076.61,30,環保署,國小,志工認養,未解列,同仁國小,606嘉義縣中埔鄉同仁村同仁24號,林宗毅,05-2531205,校園志工及學生,志工認養,109.06.01~迄今,連續4年
gw-322,109,嘉義縣,同仁國小清淨空氣綠牆(二),60654嘉義縣中埔鄉同仁村同仁24號,23.41277028,120.5101827,199941.27,2590076.61,15,環保署,國小,志工認養,未解列,同仁國小,606嘉義縣中埔鄉同仁村同仁24號,林宗毅,05-2531205,校園志工及學生,志工認養,110.07.01~迄今,連續3年
gw-323,109,嘉義縣,大崎國小清淨空氣綠牆(一),621嘉義縣民雄鄉林子尾66號,23.51181531,120.4722247,196102.16,2601058.81,30,環保署,國小,志工認養,未解列,大崎國小,621嘉義縣民雄鄉林子尾66號,蔡易霖,05-2212871,校園志工及學生,志工認養,110.07.01~迄今,連續3年
gw-324,109,嘉義縣,中林國小清淨空氣綠牆(一),622嘉義縣大林鎮中林147號,23.59013021,120.4766827,196589.08,2609730.04,30,環保署,國小,志工認養,未解列,中林國小,622嘉義縣大林鎮中林147號,蔡偉裕,05-2653941,校園志工及學生,志工認養,110.06.01~迄今,連續3年
gw-325,109,嘉義縣,柳溝國小清淨空氣綠牆(一),623嘉義縣溪口鄉柳溝村南靖厝5號,23.57734426,120.4142717,190213.34,2608338.73,30,環保署,國小,志工認養,未解列,柳溝國小,623嘉義縣溪口鄉柳溝村南靖厝5號,黃冠傑,05-2691071,校園志工及學生,志工認養,110.08.13~迄今,連續3年
gw-326,111,嘉義縣,大崎國小清淨空氣綠牆(二),621嘉義縣民雄鄉林子尾66號,23.51181531,120.4722247,196102.16,2601058.81,16,環保署,國小,志工認養,未解列,大崎國小,621嘉義縣民雄鄉林子尾66號,蔡易霖,05-2212871,校園志工及學生,志工認養,111.06.30~迄今,連續2年
gw-327,111,嘉義縣,水上國小清淨空氣綠牆(一),608嘉義縣水上鄉正義路182號,23.42889627,120.3971547,188397.14,2591906.22,16.2,環保署,國小,志工認養,未解列,水上國小,608嘉義縣水上鄉正義路182號,曾國庭,05-2682073,校園志工及學生,志工認養,111.05.30~迄今,連續2年
gw-328,111,嘉義縣,竹崎高級中學(國中部)清淨空氣綠牆(一),60447嘉義縣竹崎鄉文化路23號,23.52167449,120.5523728,204290.6261,2602122.846,40.8,環保署,國中,志工認養,未解列,竹崎高級中學(國中部),604嘉義縣竹崎鄉文化路23號,鄒美容,05-2611006,校園志工及學生,志工認養,111.05.13~迄今,連續2年
gw-329,111,嘉義縣,大崎國小清淨空氣綠牆(三),621嘉義縣民雄鄉林子尾66號,23.51181531,120.4722247,196102.16,2601058.81,16,環保署,國小,志工認養,未解列,大崎國小,621嘉義縣民雄鄉林子尾66號,蔡易霖,05-2212871,校園志工及學生,志工認養,111.10.31~迄今,連續2年
gw-330,111,嘉義縣,松山國小清淨空氣綠牆(一),621嘉義縣民雄鄉松山村松子腳43-1號,23.54073123,120.4750363,196401,2604260.009,99.3,環保署,國小,志工認養,未解列,松山國小,621嘉義縣民雄鄉松山村松子腳43-1號,陳俊龍,05-2721831,校園志工及學生,志工認養,111.10.24~迄今,連續2年
gw-331,112,嘉義縣,塗師社區活動中心綠牆,嘉義縣六腳鄉塗師村36之1號,23.50685634,120.2838891,176865.4872,2600592.919,200,環保局,社區,社區維運,未解列,塗師社區,嘉義縣六腳鄉塗師村36之1號,蔡寶玉,0903-901090,社區志工,志工認養,112.10.31~迄今,連續1年
gw-332,112,嘉義縣,崩山社區用地綠籬,嘉義縣六腳鄉崩山村46號,23.50342241,120.2281791,171173.7006,2600242.091,400,環保局,社區,社區維運,未解列,崩山社區,嘉義縣六腳鄉崩山村46 號,周石松,0933-481943,社區志工,志工認養,112.10.31~迄今,連續1年
gw-333,112,嘉義縣,安和社區活動中心旁綠籬,嘉義縣新港鄉安和村16之1號,23.5143795,120.3148886,180035.4599,2601410.634,250,環保局,社區,社區維運,未解列,安和社區,嘉義縣新港鄉安和村16之1號,陳利生,0922-488122,社區志工,志工認養,112.10.31~迄今,連續1年
gw-334,112,嘉義縣,金興社區活動中心旁綠籬,嘉義縣民雄鄉頭橋陸橋10200 號,23.50999972,120.4368206,192485.7314,2600871.478,300,環保局,社區,社區維運,未解列,金興社區,嘉義縣民雄鄉頭橋陸橋10200 號,廖清秀,0952-217955,社區志工,志工認養,112.10.31~迄今,連續1年
gw-335,112,嘉義縣,大林國小清淨空氣綠牆,622嘉義縣大林鎮中正路423號,23.60244628,120.4536037,194238.75,2611102.78,70.88,環保署,國小,志工認養,未解列,大林國小,622嘉義縣大林鎮中正路423號,簡國柱,05- 2652061,校園志工及學生,志工認養,112.10.30~迄今,連續1年
gw-336,112,嘉義縣,同仁國小清淨空氣綠牆,60654嘉義縣中埔鄉同仁村同仁24號,23.41277028,120.5101827,199941.27,2590076.61,13.15,環保署,國小,志工認養,未解列,同仁國小,60654嘉義縣中埔鄉同仁村同仁24號,林宗毅,05-2531205,校園志工及學生,志工認養,112.10.30~迄今,連續1年
gw-337,112,嘉義縣,大崎國小清淨空氣綠牆,621嘉義縣民雄鄉林子尾66號,23.51181531,120.4722247,196102.16,2601058.81,24.85,環保署,國小,志工認養,未解列,大崎國小,621嘉義縣民雄鄉林子尾66號,蔡易霖,05-2212871,校園志工及學生,志工認養,112.10.30~迄今,連續1年
gw-338,112,嘉義縣,松梅國小清淨空氣綠牆,613嘉義縣朴子市松華里345號,23.41147422,120.2504916,173399.54,2590047.14,43.92,環保署,國小,志工認養,未解列,松梅國小,613嘉義縣朴子市松華里345號,宋采芸,05-3691083,校園志工及學生,志工認養,112.11.30~迄今,連續1年
gw-339,113,嘉義縣,大崎國小清淨空氣綠牆,621嘉義縣民雄鄉林子尾66號,23.51181531,120.4722247,196102.16,2601058.81,28.566,環保局,國小,志工認養,未解列,大崎國小,621嘉義縣民雄鄉林子尾66號,蔡易霖,05-2212871,校園志工及學生,志工認養,113.11.5~迄今,未滿1年
gw-340,113,嘉義縣,同仁國小清淨空氣綠牆,60654嘉義縣中埔鄉同仁村同仁24號,23.41277028,120.5101827,199941.27,2590076.61,28.6,環保局,國小,志工認養,未解列,同仁國小,60654嘉義縣中埔鄉同仁村同仁24號,林宗毅,05-2531205,校園志工及學生,志工認養,113.11.6~迄今,未滿1年
gw-341,113,嘉義縣,東榮國小清淨空氣綠牆,621嘉義縣民雄鄉105號,23.55766831,120.4348647,192306.77,2606151.28,28.6,環保局,國小,志工認養,未解列,東榮國小,621嘉義縣民雄鄉105號,鄭靖霖,05-3362076,校園志工及學生,志工認養,113.11.12~迄今,未滿1年
gw-342,108,嘉義市,嘉北國民小學,嘉義市東區嘉北街65號,23.49351001,120.45509,194344.593,2599038.153,140,環境部,國小,自行維運,設置中,嘉北國民小學,嘉義市東區嘉北街65號,總務主任 何怡儀,05-2757091 #270,-,-,-,-
gw-343,109,嘉義市,興嘉國民小學,嘉義市西區重慶路51號,23.46525,120.43795,192581.697,2595915.287,38,環境部,國小,自行維運,設置中,興嘉國民小學,嘉義市西區重慶路51號,學務主任 歐育吟,05-2860885 #210,-,-,-,-
gw-344,109,嘉義市,嘉義大學附設實驗國民小學,嘉義市東區林森東路46號,23.48641647,120.455746,194408.6169,2598252.337,56,環境部,國小,自行維運,設置中,嘉義大學附設實驗國民小學,嘉義市東區林森東路46號,總務主任 洪建楓,05-2788002 #1400,-,-,-,-
gw-345,111,嘉義市,崇文國民小學,嘉義市東區垂楊路241號,23.47349001,120.45285,194107.364,2596821.943,62,環境部,國小,自行維運,設置中,崇文國民小學,嘉義市東區垂楊路241號,學務主任 劉明霖,05-2222310 #1005,-,-,-,-
gw-346,108,臺南市,108佳里區佳里國民小學-北後棟清淨空氣綠牆,臺南市佳里區安西里公園路445號,23.16415513,120.1722498,165246.34,2562701.53,14,環境部,國小,自行維運,未解列,臺南市佳里區佳里國民小學,臺南市佳里區安西里公園路445號,黃明煌先生,(06)722-2031#731,-,-,-,-
gw-347,108,臺南市,108將軍區將軍國中 -行政辦公室清淨空氣綠牆,臺南市將軍區忠嘉里昌平1-1號,23.20632842,120.1506537,163062.26,2567384.7,25,環境部,國中,自行維運,未解列,臺南市立將軍國民中學,臺南市將軍區忠嘉里昌平1-1號,郭奇鑫先生,(06)794-2042#103,-,-,-,-
gw-348,109,臺南市,109中西區永福國民小學-永昕樓清淨空氣綠牆,臺南市中西區700永福路二段86號,22.99274566,120.2012504,168112.12,2543702.8,12,環境部,國小,自行維運,未解列,臺南市中西區永福國民小學,臺南市中西區700永福路二段86號,吳宗展先生,(06)222-3241#804,-,-,-,-
gw-349,109,臺南市,109臺南市佳里區佳里國民小學-教學行政大樓辦公室前,臺南市佳里區安西里公園路445號,23.16415513,120.1722498,165246.34,2562701.53,21,環境部,國小,自行維運,未解列,臺南市佳里區佳里國民小學,臺南市佳里區安西里公園路445號,黃明煌先生,(06)722-2031#731,-,-,-,-
gw-350,110,臺南市,110歸仁區沙崙國民中學清淨空氣綠牆,臺南市歸仁區武東里歸仁六路2號,22.92906648,120.2815585,176311.14,2536608.48,28,環境部,國中,自行維運,未解列,臺南市立沙崙國民中學,臺南市歸仁區武東里歸仁六路2號,胡小姐,(06)303-2062#301,-,-,-,-
gw-351,111,臺南市,111臺南市中西區永福國小-停車場圍牆,臺南市中西區700永福路二段86號,22.99274566,120.2012504,168112.12,2543702.8,7.5,環境部,國小,自行維運,未解列,臺南市中西區永福國民小學,臺南市中西區700永福路二段86號,吳宗展先生,(06)222-3241#804,-,-,-,-
gw-352,111,臺南市,111臺南市白河區竹門國小-幼兒東側,臺南市白河區竹門里113號,23.37695477,120.4449296,193257.08,2586134.49,8.62,環境部,國小,自行維運,未解列,臺南市白河區竹門國民小學,臺南市白河區竹門里113號,"簡先生
陳沛緹",(06)685-1290,-,-,-,-
gw-353,111,臺南市,111臺南市永康區永信國小-許願牆,臺南市永康區復華七街166號,23.01686588,120.2482988,172949.429,2546348.371,20,環境部,國小,自行維運,未解列,臺南市永康區永信國民小學,臺南市永康區復華七街166號,李後昆先生,(06)232-0783#721,-,-,-,-
gw-354,111,臺南市,111臺南市七股區篤加國小-東側教室南邊牆面,臺南市七股區篤加里120號,23.16092081,120.1353346,161464.26,2562365.31,8.5,環境部,國小,自行維運,未解列,臺南市七股區篤加國民小學,臺南市七股區篤加里120號,郭詔維先生,(06)7872536#13,-,-,-,-
gw-355,111,臺南市,111臺南市關廟區崇和國小-莊敬樓、光電球場,臺南市關廟區龜洞里南雄南路568號,22.90427292,120.3522315,183548.04,2533829.25,56,環境部,國小,自行維運,未解列,臺南市關廟區崇和國民小學,臺南市關廟區龜洞里南雄南路568號,林盟淦先生,(06)5551040#22,-,-,-,-
gw-356,111,臺南市,111臺南市七股區竹橋國中-竹橋國中,臺南市七股區義合里74之2號,23.10275701,120.1420108,162110,2555920.009,30,環境部,國中,自行維運,未解列,臺南市立竹橋國民中學,臺南市七股區義合里74之2號,林睿展先生,(06)7891733#13,-,-,-,-
gw-357,111,臺南市,111臺南市北區民德國中-育誠樓及立體腳踏車停車場,臺南市北區西門路三段223號,23.00536343,120.2052134,168526,2545097.89,21.99,環境部,國中,自行維運,未解列,臺南市立民德國民中學,臺南市北區西門路三段223號,劉耀升先生,(06)2223014#30,-,-,-,-
gw-358,111,臺南市,111臺南市仁德區文賢國中校園淨化空氣植生綠牆,臺南市仁德區中正路一段185號,22.92120039,120.2350269,171533.778,2535761.471,24,環境部,國中,自行維運,未解列,臺南市立仁德文賢國民中學,臺南市仁德區中正路一段185號,孫小姐,(06)2662392#301,-,-,-,-
gw-359,111,臺南市,111臺南市安南區和順國中-文昌樓及明倫樓西側,臺南市安南區州北里24鄰安和路5段84巷66號,23.06614827,120.2204903,170127.95,2551820.83,13.8,環境部,國中,自行維運,未解列,臺南市立和順國民中學,臺南市安南區州北里24鄰安和路5段84巷66號,許庠裕先生,(06)3551440#151,-,-,-,-
gw-360,111,臺南市,111臺南市北區區公所-大門口騎樓左側牆面,臺南市北區成功路238巷7號,22.99983172,120.2028823,168283.7,2544486.603,11,環境部,公有設施,自行維運,未解列,臺南市北區區公所,臺南市北區成功路238巷7號,廖怡婷小姐,(06)2110711#125,-,-,-,-
gw-361,112,臺南市,112中西區永福國民小學-永昕樓頂清淨空氣綠牆,臺南市中西區700永福路二段86號,22.99274566,120.2012504,168112.12,2543702.8,36,環境部,國小,自行維運,未解列,臺南市中西區永福國民小學,臺南市中西區700永福路二段86號,吳宗展,06-2223241 #804,-,-,-,-
gw-362,112,臺南市,112安南區學東國民小學-校園廊道,臺南市709安南區公學路六段589號,23.07821808,120.1455061,162452.17,2553200.4,30.9,環境部,國小,自行維運,未解列,臺南市安南區學東國民小學,臺南市709安南區公學路六段589號,楊爵光,06-2870017*13,-,-,-,-
gw-363,112,臺南市,112七股區篤加國民小學-北側教室西邊牆面,臺南市七股區篤加里120號,23.16092081,120.1353346,161464.26,2562365.31,12,環境部,國小,自行維運,未解列,臺南市七股區篤加國民小學,臺南市七股區篤加里120號,郭詔維,06-7872536#13,-,-,-,-
gw-364,112,臺南市,112麻豆區港尾國民小學-港尾國小幼兒園西側外牆,臺南市麻豆區港尾里麻學路2段799號,23.20893115,120.1976676,167876.34,2567645.6,10.5,環境部,國小,自行維運,未解列,臺南市麻豆區港尾國民小學,臺南市麻豆區港尾里麻學路2段799號,潘主任,06-5701341#203,-,-,-,-
gw-365,112,臺南市,112九份子國民中小學-校舍A棟、B棟,臺南市安南區九份子大道8號,23.02298613,120.1835277,166313.7574,2547061.663,25,環境部,國中,自行維運,未解列,臺南市立九份子國民中小學,臺南市安南區九份子大道8號,吳建緯,06-3507779#1141,-,-,-,-
gw-366,112,臺南市,112第六幼兒園-總園、城南分班圍牆,臺南市安南區安中路6段519巷31號,23.06069904,120.1300786,160859.901,2551269.617,29.22,環境部,公立幼兒園,自行維運,未解列,臺南市立第六幼兒園,臺南市安南區安中路6段519巷31號,簡含英,06-2572510,-,-,-,-
gw-367,112,臺南市,112仁德區仁德國民小學-東棟七間教室、德藝樓、德馨樓,臺南市仁德區中正路二段806號,22.9622212,120.2540714,173510.38,2540294.03,67.5,環境部,國小,自行維運,未解列,臺南市仁德區仁德國民小學,臺南市仁德區中正路二段806號,林家鴻,06-2794570#730,-,-,-,-
gw-368,112,臺南市,112佳里區塭內國民小學-低年級教室前方,臺南市佳里區塭內里塭子內40號,23.12559141,120.164966,164476.05,2558435.12,11,環境部,國小,自行維運,未解列,臺南市佳里區塭內國民小學,臺南市佳里區塭內里塭子內40號,顏雪如,06-7891054#720,-,-,-,-
gw-369,112,臺南市,112麻豆區培文國民小學-致學樓東側,臺南市麻豆區興農里3鄰和平路11號,23.17836483,120.2435231,172552.53,2564235.45,25.08,環境部,國小,自行維運,未解列,臺南市麻豆區培文國民小學,臺南市麻豆區興農里3鄰和平路11號,熊慧婷,06-5722169#830,-,-,-,-
gw-370,112,臺南市,112麻豆區北勢國民小學-東棟二樓走廊,臺南市麻豆區北勢里6鄰15號,23.20552689,120.2401497,172222.86,2567245.24,5.25,環境部,國小,自行維運,未解列,臺南市麻豆區北勢國民小學,臺南市麻豆區北勢里6鄰15號,陳鳳桂,06-5722844,-,-,-,-
gw-371,112,臺南市,112鹽水區月津國民小學-南棟校舍,臺南市鹽水區月津路16號,23.31608945,120.2657768,174908.08,2579475.78,30,環境部,國小,自行維運,未解列,臺南市鹽水區月津國民小學,臺南市鹽水區月津路16號,張妙琳,06-6521113#104,-,-,-,-
gw-372,113,臺南市,113新民國小進德樓清淨空氣綠牆,臺南市新營區公園路一段136號,23.30545035,120.3062234,179039.21,2578277.17,13.44,環保局,國小,自行維運,未解列,臺南市新營區新民國民小學,臺南市新營區公園路一段136號,盧怡君,6562152#204,-,-,-,-
gw-373,113,臺南市,113臺南市隆田國小感恩樓清淨空氣綠牆,臺南市官田區隆田里中山路一段127號,23.19229073,120.3147811,179855.38,2565741.49,6.528,環保局,國小,自行維運,未解列,臺南市官田區隆田國民小學,臺南市官田區隆田里中山路一段127號,陳義文,5791047,-,-,-,-
gw-374,113,臺南市,113博愛國小國際英語村教學大樓側牆清淨空氣綠牆,臺南市東區前鋒路100號,22.99307272,120.2133032,169348.03,2543732.34,16.96,環保局,國小,自行維運,未解列,臺南市東區博愛國民小學,臺南市東區前鋒路100號,李英治,8977905#731,-,-,-,-
gw-375,113,臺南市,113年公誠國小-南棟大樓、西棟大樓西側清淨空氣綠牆,臺南市新營區公誠街5號,23.30386022,120.3188591,180330.83,2578094.94,16.2,環保局,國小,自行維運,未解列,臺南市新營區公誠國民小學,臺南市新營區公誠街5號,蔡安修,6323071#804,-,-,-,-
gw-376,113,臺南市,113年建興國中-新南棟清淨空氣綠牆,臺南市中西區府前路一段239號,22.98866103,120.2029216,168281,2543249.535,16.83,環保局,國中,自行維運,未解列,臺南市立建興國民中學,臺南市中西區府前路一段239號,林淑汾,2139601#32,-,-,-,-
gw-377,113,臺南市,113年臺南市歸仁區歸仁國民小學文采樓後方清淨空氣綠牆,臺南市歸仁區文化街一段100號,22.9700477,120.2964842,177863.82,2541139.26,12.5,環保局,國小,自行維運,未解列,臺南市歸仁區歸仁國民小學,臺南市歸仁區文化街一段100號,楊長頲,2304740#730,-,-,-,-
gw-378,113,臺南市,113年三股國小東棟左側清淨空氣綠牆,臺南市七股區三股里100號,23.10153543,120.1169902,159546,2555800.009,12.5,環保局,國小,自行維運,未解列,臺南市七股區三股國民小學,臺南市七股區三股里100號,王文聖,7880744#13,-,-,-,-
gw-379,113,臺南市,113年新化國中大穆降大樓後方清淨空氣綠牆,臺南市新化區中興路722號,23.03342855,120.3123607,179524.71,2548150.25,16.8,環保局,國中,自行維運,未解列,臺南市立新化國民中學,臺南市新化區中興路722號,吳松林,5902269#250,-,-,-,-
gw-380,113,臺南市,113年立人國小仁愛樓清淨空氣綠牆,臺南市北區西門路三段41號,23.00133632,120.2020816,168202.52,2544653.67,10.92,環保局,國小,自行維運,未解列,臺南市北區立人國民小學,臺南市北區西門路三段41號,顏主任,2222054#730,-,-,-,-
gw-381,113,臺南市,113年善化國小圖書館西側清淨空氣綠牆,臺南市善化區進學路63號,23.13568788,120.2887778,177162.76,2559486,12.5,環保局,國小,自行維運,未解列,臺南市善化區善化國民小學,臺南市善化區進學路63號,張智傑,5817020#840,-,-,-,-
gw-382,108,高雄市,楠梓國小,高雄市楠梓區楠梓路262號,22.73223259,120.3283657,181013.06,2514789.205,87,環保署,國小,企業認養,設置中,楠梓國小,高雄市楠梓區楠梓路262號,黃心怡主任,07-3511140#1300,國巨股份有限公司高雄廠,企業認養,114年6月12日,3
gw-383,108,高雄市,加昌國小,高雄市楠梓區樂群路220號,22.72039201,120.2965473,177738.503,2513493.195,55,環保署,國小,企業認養,設置中,加昌國小,高雄市楠梓區樂群路220號,黃彥博主任,07-362-7169#5031,國巨股份有限公司楠梓分公司,企業認養,114年5月11日,3
gw-384,109,高雄市,大灣國中,高雄市仁武區仁雄路99號,22.67608335,120.3419865,182384.602,2508565.303,15,環保署,國中,企業認養,設置中,大灣國中,高雄市仁武區仁雄路99號,吳啟豪主任,07-371-1715#310,李長榮化學工業股份有限公司大社廠,企業認養,114年9月28日,4
gw-385,109,高雄市,忠義國小,高雄市大寮區忠義路1號,22.61635307,120.3841433,186689.25,2501932.65,6.36,環保署,國小,企業認養,設置中,忠義國小,高雄市大寮區忠義路1號,黃以周主任,07-781-2858#140,達成聚化股份有限公司,企業認養,114年7月10日,4
gw-386,109,高雄市,前金國中,高雄市前金區六合二路278號,22.6293611,120.2904591,177064.946,2503415.918,100,環保署,國中,自行維運,設置中,前金國中,高雄市前金區六合二路278號,王銘輝主任,07-272-5981,-,自行維運,-,-
gw-387,109,高雄市,油廠國小,高雄市楠梓區左楠路4號,22.70895796,120.3029192,178387.123,2512223.958,50,環保署,國小,自行維運,設置中,油廠國小,高雄市楠梓區左楠路4號,洪瑞遠主任,07-363-2300#331,日月光半導體製造股份有限公司,自行維運,111年2月24日,1
gw-388,109,高雄市,竹後國小,高雄市仁武區竹後里竹楠路250號,22.71004177,120.3348656,181669.7,2512328.91,17.5,環保署,國小,企業認養,設置中,竹後國小,高雄市仁武區竹後里竹楠路250號,總務主任,07-3724460,高福化學工業股份有限公司,企業認養,114年8月15日,4
gw-389,110,高雄市,民權國小,高雄市前鎮區沱江街200號,22.60848248,120.3144441,179519.862,2501092.41,60,環保署,國小,自行維運,設置中,民權國小,高雄市前鎮區沱江街200號,總務主任,07-5367173#310,富岳冷凍食品廠股份有限公司,企業認養,113年10月19日,1
gw-390,110,高雄市,鳳鳴國小,高雄市小港區鳳鳴路191號,22.5154899,120.3573646,183888.216,2490775.51,5.18,環保署,國小,企業認養,設置中,鳳鳴國小,高雄市小港區鳳鳴路191號,黃麗玲主任,07-8714561#130,環球橡膠股份有限公司,企業認養,114年9月26日,3
gw-391,110,高雄市,汕尾國小,高雄市林園區北汕路58巷2號,22.4791618,120.411434,189435,2486730.008,12.94,環保署,國小,企業認養,設置中,汕尾國小,高雄市林園區北汕路58巷2號,陳谷庭主任,07-6412334#31,李長榮化學工業股份有限公司林園廠,企業認養,114年6月7日,3
gw-392,110,高雄市,中芸國小,高雄市林園區中芸路1號,22.48711223,120.3967106,187923.423,2487616.386,11.8,環保署,國小,企業認養,設置中,中芸國小,高雄市林園區中芸路1號,陳美如主任,07-6412342#40,台達化學工業股份有限公司林園廠,企業認養,114年6月6日,3
gw-393,110,高雄市,王公國小,高雄市林園區王公二路100號,22.50469829,120.3882544,187061.245,2489567.227,36.9,環保署,國小,企業認養,設置中,王公國小,高雄市林園區王公二路100號,鍾美鈴事務組長,07-6420503#40,亞洲聚合股份有限公司林園廠,企業認養,114年7月18日,3
gw-394,111,高雄市,河堤國小,高雄市三民區裕誠路3號,22.66354618,120.3145907,179562.999,2507189.737,40.6,環保署,國小,自行維運,設置中,河堤國小,高雄市三民區裕誠路3號,王瑞裕主任,07-3436556,-,自行維運,-,-
gw-395,111,高雄市,華山國小,高雄市小港區華仁街1號,22.56769565,120.3657063,184770.943,2496552.664,68,環保署,國小,自行維運,設置中,華山國小,高雄市小港區華仁街1號,蕭永男主任,07-806-2280#731,中鋼鋁業股份有限公司,企業認養,114年6月16日,3
gw-396,111,高雄市,太平國小,高雄市小港區營口路1號,22.57194886,120.3712223,185340.19,2497021.23,4,環保署,國小,自行維運,設置中,太平國小,高雄市小港區營口路1號,沈德如主任,07-8019006#310,利百特國際儲運股份有限公司,企業認養,113年8月29日,1
gw-397,111,高雄市,國立高雄餐旅大學附設餐旅高級中等學校國中部,高雄市小港區松和路40號,22.56682725,120.3714817,185364.4797,2496453.993,85,環保署,國中,自行維運,設置中,國立高雄餐旅大學附設餐旅高級中等學校國中部,高雄市小港區松和路40號,陳凱毅主任,07-8060705#31,永記造漆工業股份有限公司,企業認養,114年9月14日,2
gw-398,111,高雄市,紅毛港國小,高雄市前鎮區明鳳七街1號,22.58369324,120.3342514,181544,2498338.2,45.755,環保署,國小,自行維運,設置中,紅毛港國小,高雄市前鎮區明鳳七街1號,劉松柏主任,07-7917608#531,-,自行維運,-,-
gw-399,112,高雄市,國立高雄餐旅大學附設餐旅高級中等學校國中部,高雄市小港區松和路40號,22.56682725,120.3714817,185364.4797,2496453.993,85.12,環保署,國中,自行維運,設置中,國立高雄餐旅大學附設餐旅高級中等學校國中部,高雄市小港區松和路40號,陳凱毅主任,07-8060705#31,永記造漆工業股份有限公司,企業認養,114年9月14日,2
gw-400,112,高雄市,楠陽國小,高雄市楠梓區楠陽路100號,22.72418786,120.3309468,181274.169,2513897.178,29.8,環保署,國小,自行維運,設置中,楠陽國小,高雄市楠梓區楠陽路100號,柯鐙富總務主任,07-3520675#131,-,自行維運,-,-
gw-401,112,高雄市,文華國小,高雄市鳳山區文化路52號,22.63440037,120.3527458,183470.14,2503944.76,20.2185,環保署,國小,自行維運,設置中,文華國小,高雄市鳳山區文化路52號,宋俊賢總務主任,07-74509495#40,-,自行維運,-,-
gw-402,112,高雄市,五甲國中,高雄市鳳山區龍成路111號,22.59811218,120.3286913,180979.45,2499937.41,12.17,環保署,國中,自行維運,設置中,五甲國中,高雄市鳳山區龍成路111號,朱嘉芳總務主任,07-8211569#31,-,自行維運,-,-
gw-403,112,高雄市,南成國小,高雄市鳳山區南和街101號,22.59431583,120.3354871,181676.31,2499513.9,41.4036,環保署,國小,自行維運,設置中,南成國小,高雄市鳳山區南和街101號,陳威菖總務主任,07-8215354#740,-,自行維運,-,-
gw-404,111,屏東縣,屏東縣林邊國小設置清淨空氣綠牆計畫,92741屏東縣林邊鄉林邊村中山路68號,22.43251778,120.5190219,200489.72,2481525.69,28.8,環保署,國小,自行維運,未解列,林邊國小,92741屏東縣林邊鄉林邊村中山路68號,鄭志成,08-8752120,林邊國小,自行維運,-,連續2年
gw-405,111,屏東縣,高樹國小設置清淨空氣綠牆計畫,906006屏東縣高樹鄉高樹村華光路32號,22.82615084,120.5991597,208856.27,2525088.34,13.76,環保署,國小,自行維運,未解列,高樹國小,906006屏東縣高樹鄉高樹村華光路32號,邱瓊誼,08-7960802#29,高樹國小,自行維運,-,連續2年
gw-406,111,屏東縣,屏東縣里港國小設置清淨空氣綠牆計畫,90544屏東縣里港鄉過江村過江路41號,22.78072478,120.4945466,198101.026,2520091.113,15.84,環保署,國小,自行維運,未解列,里港國小,90544屏東縣里港鄉過江村過江路41號,蔡?全,08-7752161#14,里港國小,自行維運,-,連續2年
gw-407,112,屏東縣,屏東縣立竹田國民小學,911屏東縣竹田鄉公正路35號,22.58284344,120.5440244,203114.15,2498163.01,15.75,環保署,國小,自行維運,未解列,竹田國小,911屏東縣竹田鄉公正路35號,賴怡芬,08-7710834#14,竹田國小,自行維運,-,連續1年
gw-408,112,屏東縣,屏東縣屏東市海豐國民小學,900屏東縣屏東市海豐街3號,22.69807187,120.5073501,199385.27,2510934.34,31.5,環保署,國小,自行維運,未解列,海豐國小,900屏東縣屏東市海豐街3號,張豐琪,08-7367023#14,海豐國小,自行維運,-,連續1年
gw-409,113,屏東縣,屏東縣高樹鄉大路關國民小學,906屏東縣高樹鄉中正路176號,22.73984643,120.6204672,211018.8598,2515525.934,12.4,環保局,國小,自行維運,未解列,大路關國小,906屏東縣高樹鄉中正路176號,張崑崧,08-7957412#14,大路關國小,自行維運,-,連續0年
gw-410,113,屏東縣,屏東縣屏東市大同國民小學,900屏東縣屏東市大同路2號,22.66588259,120.476665,196220.07,2507380.75,24.67,環保局,國小,自行維運,未解列,大同國小,900屏東縣屏東市大同路2號,莊逸萍,08-7524115#11,大同國小,自行維運,-,連續0年
gw-411,113,屏東縣,屏東縣屏東市復興國民小學,900屏東縣屏東市復興路376號,22.65958423,120.4859126,197168,2506680.008,24.87,環保局,國小,自行維運,未解列,復興國小,900屏東縣屏東市復興路376號,吳春瑩,08-7525402#14,復興國小,自行維運,-,連續0年
gw-412,109,宜蘭縣,五結鄉利澤國民小學,宜蘭縣五結鄉利寶路101號,24.66553253,121.827629,333767.511,2728984.664,7,環保局,國小,自行維運,設置中,五結鄉利澤國民小學,宜蘭縣五結鄉利寶路101號,黃仁溢,(03)9503805#116,五結鄉利澤國民小學,自行維運,-,-
gw-413,109,宜蘭縣,蘇澳鎮育英國民小學,宜蘭縣蘇澳鎮福德路134號,24.63991231,121.8327791,334306,2726150.01,1.65,環保局,國小,自行維運,設置中,蘇澳鎮育英國民小學,宜蘭縣蘇澳鎮福德路134號,陳蕙蘭,(03)9901294#222,蘇澳鎮育英國民小學,自行維運,-,-
gw-414,109,宜蘭縣,五結鄉利澤國民中學,宜蘭縣五結鄉利寶路99號,24.66581035,121.829161,333922.393,2729016.373,3.53,環保局,國中,自行維運,設置中,五結鄉利澤國民中學,宜蘭縣五結鄉利寶路99號,陳建志,(03)9504762#301,五結鄉利澤國民中學,自行維運,-,-
gw-415,109,宜蘭縣,冬山鄉東興國民小學,宜蘭縣冬山鄉東城路316號,24.62910339,121.8067748,331680.38,2724937.07,1.65,環保局,國小,自行維運,設置中,冬山鄉東興國民小學,宜蘭縣冬山鄉東城路316號,張芷菱,(03)9594047#33,冬山鄉東興國民小學,自行維運,-,-
gw-416,109,宜蘭縣,冬山鄉冬山國民中學,宜蘭縣冬山鄉照安路26號,24.63167649,121.7930684,330291,2725214,45,環保局,國中,自行維運,設置中,冬山鄉冬山國民中學,宜蘭縣冬山鄉照安路26號,林文章,(03)9592076#23,冬山鄉冬山國民中學,自行維運,-,-
gw-417,110,宜蘭縣,五結鄉五結國民中學,宜蘭縣五結鄉大吉五路58號,24.69669367,121.8006539,331017,2732420.01,9.6,環保局,國中,自行維運,設置中,五結鄉五結國民中學,宜蘭縣五結鄉大吉五路58號,姚佳宏,(03)9501105#13,五結鄉五結國民中學,自行維運,-,-
gw-418,110,宜蘭縣,五結鄉五結國民小學,宜蘭縣五結鄉五結中路二段88號,24.68697543,121.7985249,330807.83,2731342.32,32.8,環保局,國小,自行維運,設置中,五結鄉五結國民小學,宜蘭縣五結鄉五結中路二段88號,游佳諺 ,(03)9507272#104,五結鄉五結國民小學,自行維運,-,-
gw-419,110,宜蘭縣,羅東鎮東光國民中學,宜蘭縣羅東鎮興東南路201號,24.67174098,121.7674905,327676.57,2729636.97,71.6,環保局,國中,自行維運,設置中,羅東鎮東光國民中學,宜蘭縣羅東鎮興東南路201號,陳金田,(03)9542603#500,羅東鎮東光國民中學,自行維運,-,-
gw-420,110,宜蘭縣,羅東鎮成功國民小學,宜蘭縣羅東鎮興東南路100號,24.672712,121.762497,327170.568,2729741.707,9.03,環保局,國小,自行維運,設置中,羅東鎮成功國民小學,宜蘭縣羅東鎮興東南路100號,許建偉,(03)9542156#40,羅東鎮成功國民小學,自行維運,-,-
gw-421,110,宜蘭縣,冬山鄉順安國民小學中山分校,宜蘭縣冬山鄉舊寮路55號,24.62706019,121.743332,325258.2126,2724674.547,32,環境部,國小,自行維運,設置中,冬山鄉順安國民小學中山分校,宜蘭縣冬山鄉舊寮路55號,葉哲銘,(03)9583445#203,冬山鄉順安國民小學中山分校,自行維運,-,-
gw-422,111,花蓮縣,中原國小,花蓮縣花蓮市中原路531號,23.97176334,121.5964483,310697.579,2652024.363,54,環境部,國小,自行維運,未解列,中原國小,花蓮縣花蓮市中原路531號,劉適程-教師兼總務主任,03-8333547#170,-,-,-,-
gw-423,108,臺東縣,新生國小,臺東縣臺東市更生路474巷45號,22.76413776,121.1420751,264589.635,2518172.794,75,環保署,國小,自行維運,未解列,新生國小,臺東縣臺東市更生路474巷45號,謝振華,089-219219,-,-,-,-
gw-424,111,臺東縣,豐源國小,臺東市中華路四段392號,22.73013011,121.1083246,261126.561,2514404.211,20,環保局,國小,自行維運,未解列,豐源國小,臺東市中華路四段392號,林家進,089-322063#12,-,-,-,-
gw-425,111,臺東縣,忠孝國小,臺東縣成功鎮成廣路2號,23.15687933,121.3995316,290909.639,2561711.097,57,環保局,國小,自行維運,未解列,忠孝國小,臺東縣成功鎮成廣路2號,吳亭瑩,089-871109,-,-,-,-
gw-426,111,臺東縣,大武國中,臺東縣大武鄉復興路1號,22.36454576,120.906843,240406.147,2473923.181,24,環保局,國中,自行維運,未解列,大武國中,臺東縣大武鄉復興路1號,王忠慶,089-791023,-,-,-,-
gw-427,111,臺東縣,錦屏國小,臺東縣海端鄉廣原村錦屏路1號,23.13220663,121.1761508,268040.005,2558933.77,90,環保局,國小,自行維運,未解列,錦屏國小,臺東縣海端鄉廣原村錦屏路1號,陳良群,089-861762#23,-,-,-,-
gw-428,111,臺東縣,復興國小,臺東市鐵花路87巷55號,22.74709643,121.1514843,265557.797,2516286.768,56,環保局,國小,自行維運,未解列,復興國小,臺東市鐵花路87巷55號,龔恩慧,089-322672#207,-,-,-,-
gw-429,111,臺東縣,新生國小,臺東市更生路474巷45號,22.76413776,121.1420751,264589.635,2518172.794,62,環保局,國小,自行維運,未解列,新生國小,臺東市更生路474巷45號,林于勝,089-219219,-,-,-,-
gw-430,111,臺東縣,康樂國小,臺東市山西路一段256號,22.75545436,121.1194803,262270.154,2517209.234,270,環保局,國小,自行維運,未解列,康樂國小,臺東市山西路一段256號,張維斌,089-226131#15,-,-,-,-
gw-431,111,臺東縣,信義國小,臺東縣成功鎮都歷路58號,23.02686017,121.3308688,283911.528,2547295.736,18,環保局,國小,自行維運,未解列,信義國小,臺東縣成功鎮都歷路58號,陳昱安,089-841029#12,-,-,-,-
gw-432,111,臺東縣,富岡國小,臺東市松江路一段441號,22.79618298,121.1938901,269905.858,2521727.208,73,環保局,國小,自行維運,未解列,富岡國小,臺東市松江路一段441號,程文祥,089-281352,-,-,-,-
gw-433,111,臺東縣,海端國小,臺東縣海端鄉海端村山界36號,23.10146869,121.176179,268047,2555530.009,13,環保局,國小,自行維運,未解列,海端國小,臺東縣海端鄉海端村山界36號,鄭盧怡君,089-931184,-,-,-,-
gw-434,111,臺東縣,加拿國小,臺東縣海端鄉加拿村1鄰加南5號,23.00106706,121.1306187,263389.925,2544407.247,45,環保局,國小,自行維運,未解列,加拿國小,臺東縣海端鄉加拿村1鄰加南5號,胡銘志,089-811108#102,-,-,-,-
gw-435,111,臺東縣,建和國小,臺東市青海路三段640號,22.71673591,121.0491673,255050.709,2512917.857,48.87,環保局,國小,自行維運,未解列,建和國小,臺東市青海路三段640號,李正如,089-512381#215,-,-,-,-
gw-436,111,臺東縣,卑南國中,臺東市更生北路766號,22.78910668,121.1120225,261501.447,2520934.954,42,環保局,國中,自行維運,未解列,卑南國中,臺東市更生北路766號,胡慧雯,089-224045,-,-,-,-
gw-437,111,臺東縣,新生國中,臺東市新生路641巷64號,22.76213672,121.1355752,263922.37,2517950.593,12.6,環保局,國中,自行維運,未解列,新生國中,臺東市新生路641巷64號,楊鵲彬,089-229121#501,-,-,-,-
gw-438,111,臺東縣,尚武國小,臺東縣大武鄉尚武村學府路7號,22.3398644,120.8882853,238492.935,2471191.659,48.0975,環保局,國小,自行維運,未解列,尚武國小,臺東縣大武鄉尚武村學府路7號,孫雅馨,089-791458#13,-,-,-,-
gw-439,111,臺東縣,大武國小,臺東縣大武鄉大武村民族路2巷49號,22.36517542,120.9050075,240217.16,2473993.017,17,環保局,國小,自行維運,未解列,大武國小,臺東縣大武鄉大武村民族路2巷49號,梁景棔,089-791135#13,-,-,-,-
gw-440,111,臺東縣,卑南國小,臺東市更生北路317號,22.78184787,121.1192301,262242.114,2520131.763,17,環保局,國小,自行維運,未解列,卑南國小,臺東市更生北路317號,李逸婷,089-223096,-,-,-,-
gw-441,111,臺東縣,光明國小,臺東市中興路二段150巷29弄1號,22.76870371,121.1292014,263267.194,2518677.17,50,環保局,國小,自行維運,未解列,光明國小,臺東市中興路二段150巷29弄1號,蘇姿穎,089-226304#13,-,-,-,-
gw-442,111,臺東縣,廣原國小,臺東縣海端鄉廣原村大埔1鄰1號,23.14956399,121.2071013,271207,2560860.009,35,環保局,國小,自行維運,未解列,廣原國小,臺東縣海端鄉廣原村大埔1鄰1號,谷承育,089-862923#13,-,-,-,-
gw-443,111,臺東縣,新興國小,臺東縣金峰鄉新興村1鄰1號,22.631657,121.003091,250317.72,2503496.371,31,環保局,國小,自行維運,未解列,新興國小,臺東縣金峰鄉新興村1鄰1號,邱堅毅,089-781687#203,-,-,-,-
gw-444,111,臺東縣,豐年國小,臺東市中興路三段320號,22.77178119,121.1114266,261441.713,2519016.456,17.721,環保局,國小,自行維運,未解列,豐年國小,臺東市中興路三段320號,黃琇琳,089-226733,-,-,-,-
gw-445,111,臺東縣,鹿野國中,臺東縣鹿野鄉龍田村光榮路38號,22.90696162,121.1351742,263866.503,2533987.139,5.43,環保局,國中,自行維運,未解列,鹿野國中,臺東縣鹿野鄉龍田村光榮路38號,張娜?,089-551006,-,-,-,-
gw-446,111,臺東縣,溫泉國小,臺東縣卑南鄉溫泉村溫泉路291號,22.69766709,121.0259305,252664.074,2510805.783,62.5,環保局,國小,自行維運,未解列,溫泉國小,臺東縣卑南鄉溫泉村溫泉路291號,?上德,089-512354,-,-,-,-
gw-447,105,金門縣,環保公園低碳教育館,金門縣金湖鎮尚義100號,24.43751079,118.3694131,-16789.59505,2706012.481,50,環保局,公有設施,自行維運,未解列,金門縣環境保護局,金門縣金湖鎮尚義100號,丁韻竹,082-336823#207,-,-,-,-
gw-448,105,金門縣,金門縣環境保護局,金門縣金湖鎮尚義100號,24.44035315,118.3691127,-16814.08724,2706328.082,54,環保局,公有設施,自行維運,未解列,金門縣環境保護局,金門縣金湖鎮尚義100號,董金技,082-336823#121,-,-,-,-
gw-449,109,金門縣,庵前社區活動中心,金門縣金城鎮里庵前40-8號,24.4202641,118.3220549,-21631.85,2704193.128,30.98,環保局,公有設施,自行維運,未解列,庵前社區發展協會,金門縣金城鎮里庵前40-8號,陳素菲,0931-157225,-,-,-,-
gw-450,109,金門縣,正義社區活動中心,金門縣金湖鎮成功64-2號,24.43874467,118.389946,-14703.64435,2706109.786,38.76,環保局,公有設施,自行維運,未解列,正義社區發展協會,金門縣金湖鎮成功64-2號,陳國泰,0911-097415,-,-,-,-
gw-451,109,金門縣,新市社區活動中心,金門縣金湖鎮新市里民生路2-6號,24.44271599,118.4181502,-11833.76167,2706496.24,24.92,環保局,公有設施,自行維運,未解列,新市里,金門縣金湖鎮新市里民生路2-6號,吳志成,0912-540180,-,-,-,-
gw-452,109,金門縣,湖埔村辦公處,金門縣金寧鄉湖下155-1號,24.45669289,118.3072432,-23056.41694,2708259.845,24.86,環保局,公有設施,自行維運,未解列,湖埔村,金門縣金寧鄉湖下155-1號,楊振嵩,0926-078006,-,-,-,-
gw-453,109,金門縣,信義新村社區活動中心,金門縣金湖鄉信義新村200號,24.43488906,118.4097788,-12699.34424,2705644.667,12.87,環保局,公有設施,自行維運,未解列,信義新村發展協會,金門縣金湖鄉信義新村200號,吳建業,0912-719751,-,-,-,-
gw-454,109,金門縣,信義新村社區活動中心,金門縣金湖鄉信義新村200號,24.43488906,118.4097788,-12699.34424,2705644.667,32.13,環保局,公有設施,自行維運,未解列,信義新村發展協會,金門縣金湖鄉信義新村200號,吳建業,0912-719751,-,-,-,-
gw-455,110,金門縣,環保公園低碳教育館(2F增加原種植面積),金門縣金湖鎮尚義100號,24.43735537,118.3693897,-16792.29624,2705995.3,72,環保局,公有設施,自行維運,未解列,金門縣環境保護局,金門縣金湖鎮尚義100號,丁韻竹,082-336823,-,-,-,-
gw-456,110,金門縣,賢庵里辦公處,金門縣金城鎮賢聚25號,24.41789316,118.3098851,-22871.97411,2703954.284,34.85,環保局,公有設施,自行維運,未解列,賢庵里,金門縣金城鎮賢聚25號,顏士強,0933-699278,-,-,-,-
gw-457,110,金門縣,塔后社區發展協會旁廚房,金門縣金湖鎮塔后142號,24.43775101,118.4079308,-12880.91438,2705965.363,21.2,環保局,公有設施,自行維運,未解列,塔后社區,金門縣金湖鎮塔后142號,陳秀嵐,0919-500793,-,-,-,-
gw-458,110,金門縣,後豐港社區活動中心,金門縣金城鎮後豐港33-3號,24.41989614,118.3016168,-23706.75812,2704192.607,13.49,環保局,公有設施,自行維運,未解列,後豐港社區發展協會,金門縣金城鎮後豐港33-3號,洪榮吉,0912-198986,-,-,-,-
gw-459,110,金門縣,向陽吉第社區活動中心,金門縣金城鎮西海路三段62號,24.41965135,118.3105721,-22798.46716,2704147.797,21.15,環保局,公有設施,自行維運,未解列,向陽吉第社區發展協會,金門縣金城鎮西海路三段62號,楊肅謙,0932-897897,-,-,-,-
gw-460,110,金門縣,前水頭社區活動中心,金門縣金湖鎮前水頭150-1號,24.41271904,118.2952822,-24365.14298,2703409.673,34.16,環保局,公有設施,自行維運,未解列,前水頭社區發展協會,金門縣金湖鎮前水頭150-1號,陳金文,0963-166113,-,-,-,-
gw-461,110,金門縣,何斗里里民活動中心,何斗里斗門55號之3,24.47398105,118.4019653,-13410.7691,2709992.058,17.58,環保局,公有設施,自行維運,未解列,何斗里,何斗里斗門55號之3,范姜輝,0912-152336,-,-,-,-
gw-462,110,金門縣,東坑社區活動中心,金門縣烈嶼鄉東坑11號,24.44247028,118.2333817,-30581.60411,2706831.34,16.12,環保局,公有設施,自行維運,未解列,東坑社區發展協會,金門縣烈嶼鄉東坑11號,孫國利,0938-226912,-,-,-,-
gw-463,111,金門縣,古寧頭村民活動中心,金門縣金寧鄉古寧頭北山2號,24.47772888,118.3121651,-22511.73839,2710581.645,44.4,環保局,公有設施,自行維運,未解列,古寧頭社區發展協會,金門縣金寧鄉古寧頭北山2號,李金鎗,0921-320863,-,-,-,-
gw-464,111,金門縣,新市社區活動中心,金門縣金湖鎮新市里民生路2-6號,24.44271599,118.4181502,-11833.76167,2706496.24,57.6,環保局,公有設施,自行維運,未解列,新市里,金門縣金湖鎮新市里民生路2-6號,吳志成,0912-540180,-,-,-,-
gw-465,111,金門縣,后頭社區活動中心,金門縣烈嶼鄉后頭17號,24.44153763,118.2593002,-27953.73971,2706675.628,9.3,環保局,公有設施,自行維運,未解列,后頭社區發展協會,金門縣烈嶼鄉后頭17號,方媽義,0932-817667,-,-,-,-
gw-466,111,金門縣,羅厝社區活動中心,金門縣烈嶼鄉羅厝6號,24.42505156,118.2595901,-27960.50072,2704847.772,12.45,環保局,公有設施,自行維運,未解列,羅厝社區發展協會,金門縣烈嶼鄉羅厝6號,洪國泰,0937-392919,-,-,-,-
gw-467,111,金門縣,安美村辦公處安岐社區活動中心,金門縣金寧鄉安岐60-9號,24.46203133,118.3238594,-21359.19618,2708818.8,6.52,環保局,公有設施,自行維運,未解列,安岐社區發展協會,金門縣金寧鄉安岐60-9號,吳神祐,0933-589800,-,-,-,-
gw-468,111,金門縣,何斗里里民活動中心(2F增加原種植面積),金門縣金沙鎮何斗里斗門55號之3,24.47397466,118.4019636,-13410.95426,2709991.353,79.2,環保局,公有設施,自行維運,未解列,何斗里,金門縣金沙鎮何斗里斗門55號之3,范姜輝,0912-152336,-,-,-,-
gw-469,112,金門縣,多年國民小學,金門縣金沙鎮環島東路4段600號,24.45225401,118.45471,-8105.039,2707484.583,16.24,環保局,公有設施,自行維運,未解列,多年國民小學,金門縣金沙鎮環島東路4段600號,楊恭榮,082-332470#13,-,-,-,-
gw-470,112,金門縣,東坑社區活動中心,金門縣烈嶼鄉西口村東坑11號,24.44231037,118.2333845,-30581.66633,2706813.611,15.925,環保局,公有設施,自行維運,未解列,東坑社區發展協會,金門縣烈嶼鄉西口村東坑11號,孫國利,0938-226912,-,-,-,-
gw-471,112,金門縣,溪湖里辦公處,金門縣金湖鎮溪湖里溪邊80號,24.44297585,118.4598755,-7599.886891,2706446.69,45.642,環保局,公有設施,自行維運,未解列,溪湖里,金門縣金湖鎮溪湖里溪邊80號,黃建忠,0927-190662,-,-,-,-
gw-472,112,金門縣,西口村辦公處西方社區活動中心,金門縣烈嶼鄉西口村西方6-1號,24.43577022,118.239268,-29999.14211,2706076.784,13.94,環保局,公有設施,自行維運,未解列,西方社區展協會,金門縣烈嶼鄉西口村西方6-1號,陳家揚,0939-840715,-,-,-,-
gw-473,110,澎湖縣,白沙鄉赤崁國小,澎湖縣白沙鄉赤崁村370號,23.66638446,119.5980785,106991.235,2618779.352,8.2,環保署,國小,自行維運,未解列,白沙鄉赤崁國小,澎湖縣白沙鄉赤崁村370號,張功亭,06-9931048,-,-,-,-
gw-474,111,澎湖縣,澎湖縣興仁國小,澎湖縣馬公市烏崁里129號,23.54958643,119.6177334,108871.467,2605822.825,16.25,環保署,國小,自行維運,未解列,澎湖縣興仁國小,澎湖縣馬公市烏崁里129號,林宜君,06-9211443,-,-,-,-
gw-475,111,澎湖縣,澎湖縣隘門國小,澎湖縣湖西鄉隘門村15號,23.56430908,119.6362199,110774.688,2607435.463,16.25,環保署,國小,自行維運,未解列,澎湖縣隘門國小,澎湖縣湖西鄉隘門村15號,朱劍忠,06-9213470,-,-,-,-
gw-476,111,澎湖縣,澎湖縣大池國小,澎湖縣西嶼鄉大池村129號,23.61414015,119.5134471,98296.557,2613079.768,16.25,環保署,國小,自行維運,未解列,澎湖縣大池國小,澎湖縣西嶼鄉大池村129號,侯凱夫,06-9981179,-,-,-,-
gw-477,111,澎湖縣,澎湖縣立鎮海國中,澎湖縣白沙鄉鎮海村60號,23.64401879,119.5966375,106819.877,2616303.467,9.1,環保署,國中,自行維運,未解列,澎湖縣立鎮海國中,澎湖縣白沙鄉鎮海村60號,陳冠全,06-9931311,-,-,-,-
gw-478,111,澎湖縣,澎湖縣立白沙國中,澎湖縣白沙鄉赤崁村294號,23.66830453,119.5977072,106955.45,2618992.401,10.4,環保署,國中,自行維運,未解列,澎湖縣立白沙國中,澎湖縣白沙鄉赤崁村294號,葉天文,06-9931006,-,-,-,-
gw-479,112,澎湖縣,澎湖縣立志清國中,澎湖縣湖西鄉許家村1-1號,23.59062857,119.6118849,108318.308,2610374.556,4.75055,環保署,國中,自行維運,未解列,澎湖縣立志清國中,澎湖縣湖西鄉許家村1-1號,王世桓,06-9214069,-,-,-,-
